{"version":"0.9.3","generated":"12.04.2022 16.17.55","resolution":{"width":640,"height":360},"depth":6,"width":4,"layers":[{"id":1,"name":"npc-guard","mode":2,"type":"object","tiles":[{"type":"object","tile":{"x":-4,"y":-5},"screen":{"x":608,"y":129},"coords":{"x":1041,"y":152,"w":32,"h":63}},{"type":"object","tile":{"x":-3,"y":-5},"screen":{"x":533,"y":129},"coords":{"x":811,"y":8,"w":39,"h":63}},{"type":"object","tile":{"x":-3,"y":-4},"screen":{"x":578,"y":124},"coords":{"x":855,"y":867,"w":50,"h":77}},{"type":"object","tile":{"x":-2,"y":-5},"screen":{"x":458,"y":129},"coords":{"x":1041,"y":701,"w":35,"h":63}},{"type":"object","tile":{"x":-2,"y":-4},"screen":{"x":487,"y":124},"coords":{"x":855,"y":632,"w":45,"h":77}},{"type":"object","tile":{"x":-2,"y":-3},"screen":{"x":531,"y":116},"coords":{"x":568,"y":439,"w":62,"h":99}},{"type":"object","tile":{"x":-2,"y":-2},"screen":{"x":608,"y":102},"coords":{"x":761,"y":471,"w":32,"h":134}},{"type":"object","tile":{"x":-1,"y":-5},"screen":{"x":383,"y":129},"coords":{"x":1041,"y":218,"w":32,"h":63}},{"type":"object","tile":{"x":-1,"y":-4},"screen":{"x":396,"y":124},"coords":{"x":855,"y":317,"w":40,"h":77}},{"type":"object","tile":{"x":-1,"y":-3},"screen":{"x":416,"y":116},"coords":{"x":635,"y":138,"w":53,"h":99}},{"type":"object","tile":{"x":-1,"y":-2},"screen":{"x":451,"y":102},"coords":{"x":487,"y":887,"w":78,"h":137}},{"type":"object","tile":{"x":-1,"y":-1},"screen":{"x":526,"y":72},"coords":{"x":0,"y":577,"w":114,"h":222}},{"type":"object","tile":{"x":0,"y":-5},"screen":{"x":307,"y":129},"coords":{"x":1204,"y":961,"w":30,"h":63}},{"type":"object","tile":{"x":0,"y":-4},"screen":{"x":305,"y":124},"coords":{"x":909,"y":715,"w":36,"h":77}},{"type":"object","tile":{"x":0,"y":-3},"screen":{"x":300,"y":116},"coords":{"x":761,"y":925,"w":47,"h":99}},{"type":"object","tile":{"x":0,"y":-2},"screen":{"x":293,"y":102},"coords":{"x":568,"y":887,"w":64,"h":137}},{"type":"object","tile":{"x":0,"y":-1},"screen":{"x":277,"y":72},"coords":{"x":0,"y":352,"w":104,"h":222}},{"type":"object","tile":{"x":1,"y":-5},"screen":{"x":229,"y":129},"coords":{"x":1084,"y":961,"w":31,"h":63}},{"type":"object","tile":{"x":1,"y":-4},"screen":{"x":208,"y":124},"coords":{"x":855,"y":397,"w":40,"h":77}},{"type":"object","tile":{"x":1,"y":-3},"screen":{"x":174,"y":116},"coords":{"x":635,"y":343,"w":55,"h":99}},{"type":"object","tile":{"x":1,"y":-2},"screen":{"x":110,"y":102},"coords":{"x":327,"y":887,"w":86,"h":137}},{"type":"object","tile":{"x":1,"y":-1},"screen":{"x":0,"y":72},"coords":{"x":0,"y":802,"w":129,"h":222}},{"type":"object","tile":{"x":2,"y":-5},"screen":{"x":147,"y":129},"coords":{"x":909,"y":115,"w":39,"h":63}},{"type":"object","tile":{"x":2,"y":-4},"screen":{"x":107,"y":124},"coords":{"x":855,"y":947,"w":51,"h":77}},{"type":"object","tile":{"x":2,"y":-3},"screen":{"x":42,"y":116},"coords":{"x":635,"y":925,"w":74,"h":99}},{"type":"object","tile":{"x":2,"y":-2},"screen":{"x":0,"y":102},"coords":{"x":568,"y":88,"w":44,"h":137}},{"type":"object","tile":{"x":3,"y":-5},"screen":{"x":65,"y":129},"coords":{"x":855,"y":173,"w":47,"h":63}},{"type":"object","tile":{"x":3,"y":-4},"screen":{"x":6,"y":124},"coords":{"x":568,"y":8,"w":63,"h":77}},{"type":"object","tile":{"x":3,"y":-3},"screen":{"x":0,"y":155},"coords":{"x":117,"y":781,"w":3,"h":18}},{"type":"object","tile":{"x":4,"y":-5},"screen":{"x":0,"y":129},"coords":{"x":1000,"y":961,"w":38,"h":63}}]},{"id":2,"name":"npc-girl","mode":2,"type":"object","tiles":[{"type":"object","tile":{"x":-4,"y":-5},"screen":{"x":616,"y":153},"coords":{"x":487,"y":1,"w":17,"h":39}},{"type":"object","tile":{"x":-3,"y":-5},"screen":{"x":541,"y":153},"coords":{"x":398,"y":295,"w":15,"h":39}},{"type":"object","tile":{"x":-3,"y":-4},"screen":{"x":588,"y":153},"coords":{"x":1690,"y":860,"w":19,"h":47}},{"type":"object","tile":{"x":-2,"y":-5},"screen":{"x":465,"y":153},"coords":{"x":398,"y":337,"w":15,"h":39}},{"type":"object","tile":{"x":-2,"y":-4},"screen":{"x":496,"y":153},"coords":{"x":1712,"y":860,"w":18,"h":47}},{"type":"object","tile":{"x":-2,"y":-3},"screen":{"x":543,"y":153},"coords":{"x":1783,"y":964,"w":25,"h":60}},{"type":"object","tile":{"x":-2,"y":-2},"screen":{"x":625,"y":154},"coords":{"x":398,"y":466,"w":15,"h":80}},{"type":"object","tile":{"x":-1,"y":-5},"screen":{"x":389,"y":153},"coords":{"x":212,"y":54,"w":14,"h":39}},{"type":"object","tile":{"x":-1,"y":-4},"screen":{"x":404,"y":153},"coords":{"x":692,"y":293,"w":17,"h":47}},{"type":"object","tile":{"x":-1,"y":-3},"screen":{"x":427,"y":153},"coords":{"x":1141,"y":422,"w":22,"h":60}},{"type":"object","tile":{"x":-1,"y":-2},"screen":{"x":466,"y":153},"coords":{"x":909,"y":629,"w":32,"h":83}},{"type":"object","tile":{"x":-1,"y":-1},"screen":{"x":551,"y":154},"coords":{"x":568,"y":752,"w":55,"h":132}},{"type":"object","tile":{"x":0,"y":-5},"screen":{"x":314,"y":153},"coords":{"x":213,"y":267,"w":13,"h":39}},{"type":"object","tile":{"x":0,"y":-4},"screen":{"x":312,"y":153},"coords":{"x":944,"y":665,"w":16,"h":47}},{"type":"object","tile":{"x":0,"y":-3},"screen":{"x":310,"y":153},"coords":{"x":303,"y":13,"w":21,"h":60}},{"type":"object","tile":{"x":0,"y":-2},"screen":{"x":307,"y":153},"coords":{"x":964,"y":156,"w":28,"h":83}},{"type":"object","tile":{"x":0,"y":-1},"screen":{"x":299,"y":154},"coords":{"x":635,"y":790,"w":45,"h":132}},{"type":"object","tile":{"x":1,"y":-5},"screen":{"x":238,"y":153},"coords":{"x":213,"y":309,"w":13,"h":39}},{"type":"object","tile":{"x":1,"y":-4},"screen":{"x":221,"y":153},"coords":{"x":398,"y":416,"w":15,"h":47}},{"type":"object","tile":{"x":1,"y":-3},"screen":{"x":193,"y":153},"coords":{"x":545,"y":46,"w":20,"h":60}},{"type":"object","tile":{"x":1,"y":-2},"screen":{"x":146,"y":153},"coords":{"x":964,"y":242,"w":28,"h":83}},{"type":"object","tile":{"x":1,"y":-1},"screen":{"x":43,"y":154},"coords":{"x":635,"y":655,"w":45,"h":132}},{"type":"object","tile":{"x":2,"y":-5},"screen":{"x":162,"y":153},"coords":{"x":213,"y":183,"w":13,"h":39}},{"type":"object","tile":{"x":2,"y":-4},"screen":{"x":128,"y":153},"coords":{"x":945,"y":65,"w":16,"h":47}},{"type":"object","tile":{"x":2,"y":-3},"screen":{"x":76,"y":153},"coords":{"x":545,"y":213,"w":20,"h":60}},{"type":"object","tile":{"x":2,"y":-2},"screen":{"x":0,"y":153},"coords":{"x":212,"y":96,"w":14,"h":83}},{"type":"object","tile":{"x":3,"y":-5},"screen":{"x":86,"y":153},"coords":{"x":212,"y":12,"w":13,"h":39}},{"type":"object","tile":{"x":3,"y":-4},"screen":{"x":36,"y":153},"coords":{"x":945,"y":209,"w":16,"h":47}},{"type":"object","tile":{"x":4,"y":-5},"screen":{"x":10,"y":153},"coords":{"x":213,"y":225,"w":13,"h":39}}]},{"id":3,"name":"npc-hunter","mode":2,"type":"object","tiles":[{"type":"object","tile":{"x":-4,"y":-5},"screen":{"x":612,"y":144},"coords":{"x":1178,"y":910,"w":28,"h":48}},{"type":"object","tile":{"x":-3,"y":-5},"screen":{"x":540,"y":144},"coords":{"x":1240,"y":910,"w":27,"h":48}},{"type":"object","tile":{"x":-3,"y":-4},"screen":{"x":585,"y":142},"coords":{"x":1041,"y":844,"w":39,"h":58}},{"type":"object","tile":{"x":-2,"y":-5},"screen":{"x":464,"y":144},"coords":{"x":1602,"y":910,"w":23,"h":48}},{"type":"object","tile":{"x":-2,"y":-4},"screen":{"x":495,"y":142},"coords":{"x":1305,"y":966,"w":31,"h":58}},{"type":"object","tile":{"x":-2,"y":-3},"screen":{"x":542,"y":139},"coords":{"x":855,"y":555,"w":44,"h":74}},{"type":"object","tile":{"x":-2,"y":-2},"screen":{"x":617,"y":134},"coords":{"x":683,"y":821,"w":23,"h":101}},{"type":"object","tile":{"x":-1,"y":-5},"screen":{"x":388,"y":144},"coords":{"x":1168,"y":187,"w":20,"h":48}},{"type":"object","tile":{"x":-1,"y":-4},"screen":{"x":403,"y":142},"coords":{"x":1987,"y":966,"w":25,"h":58}},{"type":"object","tile":{"x":-1,"y":-3},"screen":{"x":425,"y":139},"coords":{"x":909,"y":259,"w":34,"h":74}},{"type":"object","tile":{"x":-1,"y":-2},"screen":{"x":464,"y":134},"coords":{"x":635,"y":549,"w":53,"h":103}},{"type":"object","tile":{"x":-1,"y":-1},"screen":{"x":548,"y":123},"coords":{"x":132,"y":688,"w":92,"h":166}},{"type":"object","tile":{"x":0,"y":-5},"screen":{"x":312,"y":144},"coords":{"x":692,"y":498,"w":17,"h":48}},{"type":"object","tile":{"x":0,"y":-4},"screen":{"x":310,"y":142},"coords":{"x":1168,"y":849,"w":20,"h":58}},{"type":"object","tile":{"x":0,"y":-3},"screen":{"x":308,"y":139},"coords":{"x":1084,"y":393,"w":25,"h":74}},{"type":"object","tile":{"x":0,"y":-2},"screen":{"x":303,"y":134},"coords":{"x":811,"y":286,"w":35,"h":103}},{"type":"object","tile":{"x":0,"y":-1},"screen":{"x":293,"y":123},"coords":{"x":487,"y":381,"w":57,"h":166}},{"type":"object","tile":{"x":1,"y":-5},"screen":{"x":236,"y":144},"coords":{"x":691,"y":138,"w":18,"h":48}},{"type":"object","tile":{"x":1,"y":-4},"screen":{"x":218,"y":142},"coords":{"x":1141,"y":300,"w":22,"h":58}},{"type":"object","tile":{"x":1,"y":-3},"screen":{"x":190,"y":139},"coords":{"x":1041,"y":767,"w":30,"h":74}},{"type":"object","tile":{"x":1,"y":-2},"screen":{"x":141,"y":134},"coords":{"x":635,"y":32,"w":46,"h":103}},{"type":"object","tile":{"x":1,"y":-1},"screen":{"x":34,"y":123},"coords":{"x":132,"y":519,"w":86,"h":166}},{"type":"object","tile":{"x":2,"y":-5},"screen":{"x":160,"y":144},"coords":{"x":1972,"y":910,"w":21,"h":48}},{"type":"object","tile":{"x":2,"y":-4},"screen":{"x":125,"y":142},"coords":{"x":1339,"y":966,"w":29,"h":58}},{"type":"object","tile":{"x":2,"y":-3},"screen":{"x":72,"y":139},"coords":{"x":855,"y":96,"w":40,"h":74}},{"type":"object","tile":{"x":2,"y":-2},"screen":{"x":0,"y":134},"coords":{"x":712,"y":76,"w":43,"h":103}},{"type":"object","tile":{"x":3,"y":-5},"screen":{"x":83,"y":144},"coords":{"x":1329,"y":910,"w":26,"h":48}},{"type":"object","tile":{"x":3,"y":-4},"screen":{"x":33,"y":142},"coords":{"x":1041,"y":91,"w":34,"h":58}},{"type":"object","tile":{"x":3,"y":-3},"screen":{"x":1,"y":173},"coords":{"x":123,"y":798,"w":3,"h":1}},{"type":"object","tile":{"x":4,"y":-5},"screen":{"x":6,"y":144},"coords":{"x":1811,"y":976,"w":31,"h":48}}]},{"id":4,"name":"npc-peasant-1","mode":2,"type":"object","tiles":[{"type":"object","tile":{"x":-4,"y":-5},"screen":{"x":616,"y":144},"coords":{"x":1421,"y":859,"w":20,"h":48}},{"type":"object","tile":{"x":-3,"y":-5},"screen":{"x":540,"y":144},"coords":{"x":1668,"y":859,"w":19,"h":48}},{"type":"object","tile":{"x":-3,"y":-4},"screen":{"x":587,"y":142},"coords":{"x":1113,"y":58,"w":24,"h":58}},{"type":"object","tile":{"x":-2,"y":-5},"screen":{"x":464,"y":144},"coords":{"x":547,"y":563,"w":18,"h":48}},{"type":"object","tile":{"x":-2,"y":-4},"screen":{"x":495,"y":142},"coords":{"x":1141,"y":361,"w":22,"h":58}},{"type":"object","tile":{"x":-2,"y":-3},"screen":{"x":542,"y":139},"coords":{"x":1000,"y":265,"w":30,"h":74}},{"type":"object","tile":{"x":-2,"y":-2},"screen":{"x":624,"y":134},"coords":{"x":549,"y":783,"w":16,"h":101}},{"type":"object","tile":{"x":-1,"y":-5},"screen":{"x":388,"y":144},"coords":{"x":692,"y":447,"w":17,"h":48}},{"type":"object","tile":{"x":-1,"y":-4},"screen":{"x":403,"y":142},"coords":{"x":1141,"y":178,"w":21,"h":58}},{"type":"object","tile":{"x":-1,"y":-3},"screen":{"x":426,"y":139},"coords":{"x":1084,"y":806,"w":26,"h":74}},{"type":"object","tile":{"x":-1,"y":-2},"screen":{"x":465,"y":134},"coords":{"x":811,"y":604,"w":38,"h":103}},{"type":"object","tile":{"x":-1,"y":-1},"screen":{"x":550,"y":123},"coords":{"x":416,"y":690,"w":67,"h":166}},{"type":"object","tile":{"x":0,"y":-5},"screen":{"x":312,"y":144},"coords":{"x":308,"y":702,"w":16,"h":48}},{"type":"object","tile":{"x":0,"y":-4},"screen":{"x":311,"y":142},"coords":{"x":1168,"y":605,"w":19,"h":58}},{"type":"object","tile":{"x":0,"y":-3},"screen":{"x":308,"y":139},"coords":{"x":1084,"y":470,"w":25,"h":74}},{"type":"object","tile":{"x":0,"y":-2},"screen":{"x":304,"y":134},"coords":{"x":811,"y":74,"w":34,"h":103}},{"type":"object","tile":{"x":0,"y":-1},"screen":{"x":294,"y":123},"coords":{"x":487,"y":43,"w":55,"h":166}},{"type":"object","tile":{"x":1,"y":-5},"screen":{"x":236,"y":144},"coords":{"x":549,"y":732,"w":16,"h":48}},{"type":"object","tile":{"x":1,"y":-4},"screen":{"x":218,"y":142},"coords":{"x":305,"y":183,"w":19,"h":58}},{"type":"object","tile":{"x":1,"y":-3},"screen":{"x":191,"y":139},"coords":{"x":1084,"y":316,"w":24,"h":74}},{"type":"object","tile":{"x":1,"y":-2},"screen":{"x":142,"y":134},"coords":{"x":811,"y":180,"w":34,"h":103}},{"type":"object","tile":{"x":1,"y":-1},"screen":{"x":34,"y":123},"coords":{"x":487,"y":550,"w":57,"h":166}},{"type":"object","tile":{"x":2,"y":-5},"screen":{"x":160,"y":144},"coords":{"x":693,"y":394,"w":16,"h":48}},{"type":"object","tile":{"x":2,"y":-4},"screen":{"x":126,"y":142},"coords":{"x":1168,"y":544,"w":19,"h":58}},{"type":"object","tile":{"x":2,"y":-3},"screen":{"x":73,"y":139},"coords":{"x":1084,"y":547,"w":25,"h":74}},{"type":"object","tile":{"x":2,"y":-2},"screen":{"x":0,"y":134},"coords":{"x":308,"y":753,"w":16,"h":103}},{"type":"object","tile":{"x":3,"y":-5},"screen":{"x":84,"y":144},"coords":{"x":692,"y":242,"w":16,"h":48}},{"type":"object","tile":{"x":3,"y":-4},"screen":{"x":33,"y":142},"coords":{"x":1168,"y":666,"w":20,"h":58}},{"type":"object","tile":{"x":4,"y":-5},"screen":{"x":8,"y":144},"coords":{"x":693,"y":343,"w":16,"h":48}}]},{"id":5,"name":"npc-peasant-2","mode":2,"type":"object","tiles":[{"type":"object","tile":{"x":-4,"y":-5},"screen":{"x":613,"y":144},"coords":{"x":1441,"y":910,"w":24,"h":48}},{"type":"object","tile":{"x":-3,"y":-5},"screen":{"x":538,"y":144},"coords":{"x":1654,"y":910,"w":22,"h":48}},{"type":"object","tile":{"x":-3,"y":-4},"screen":{"x":584,"y":142},"coords":{"x":1631,"y":966,"w":27,"h":58}},{"type":"object","tile":{"x":-2,"y":-5},"screen":{"x":462,"y":144},"coords":{"x":1852,"y":910,"w":21,"h":48}},{"type":"object","tile":{"x":-2,"y":-4},"screen":{"x":492,"y":142},"coords":{"x":1754,"y":966,"w":26,"h":58}},{"type":"object","tile":{"x":-2,"y":-3},"screen":{"x":539,"y":139},"coords":{"x":909,"y":38,"w":33,"h":74}},{"type":"object","tile":{"x":-2,"y":-2},"screen":{"x":619,"y":134},"coords":{"x":303,"y":76,"w":21,"h":101}},{"type":"object","tile":{"x":-1,"y":-5},"screen":{"x":386,"y":144},"coords":{"x":1168,"y":391,"w":20,"h":48}},{"type":"object","tile":{"x":-1,"y":-4},"screen":{"x":400,"y":142},"coords":{"x":1113,"y":363,"w":24,"h":58}},{"type":"object","tile":{"x":-1,"y":-3},"screen":{"x":422,"y":139},"coords":{"x":964,"y":2,"w":31,"h":74}},{"type":"object","tile":{"x":-1,"y":-2},"screen":{"x":460,"y":134},"coords":{"x":712,"y":604,"w":44,"h":103}},{"type":"object","tile":{"x":-1,"y":-1},"screen":{"x":542,"y":122},"coords":{"x":229,"y":689,"w":76,"h":167}},{"type":"object","tile":{"x":0,"y":-5},"screen":{"x":310,"y":144},"coords":{"x":1168,"y":340,"w":20,"h":48}},{"type":"object","tile":{"x":0,"y":-4},"screen":{"x":308,"y":142},"coords":{"x":1141,"y":849,"w":24,"h":58}},{"type":"object","tile":{"x":0,"y":-3},"screen":{"x":305,"y":139},"coords":{"x":1000,"y":34,"w":30,"h":74}},{"type":"object","tile":{"x":0,"y":-2},"screen":{"x":299,"y":134},"coords":{"x":761,"y":153,"w":41,"h":103}},{"type":"object","tile":{"x":0,"y":-1},"screen":{"x":287,"y":122},"coords":{"x":416,"y":11,"w":65,"h":167}},{"type":"object","tile":{"x":1,"y":-5},"screen":{"x":234,"y":144},"coords":{"x":1558,"y":859,"w":19,"h":48}},{"type":"object","tile":{"x":1,"y":-4},"screen":{"x":216,"y":142},"coords":{"x":1141,"y":607,"w":23,"h":58}},{"type":"object","tile":{"x":1,"y":-3},"screen":{"x":187,"y":139},"coords":{"x":1000,"y":188,"w":30,"h":74}},{"type":"object","tile":{"x":1,"y":-2},"screen":{"x":138,"y":133},"coords":{"x":761,"y":259,"w":41,"h":104}},{"type":"object","tile":{"x":1,"y":-1},"screen":{"x":29,"y":122},"coords":{"x":327,"y":209,"w":68,"h":167}},{"type":"object","tile":{"x":2,"y":-5},"screen":{"x":158,"y":144},"coords":{"x":1580,"y":859,"w":19,"h":48}},{"type":"object","tile":{"x":2,"y":-4},"screen":{"x":123,"y":142},"coords":{"x":1113,"y":668,"w":24,"h":58}},{"type":"object","tile":{"x":2,"y":-3},"screen":{"x":70,"y":139},"coords":{"x":964,"y":79,"w":31,"h":74}},{"type":"object","tile":{"x":2,"y":-2},"screen":{"x":0,"y":135},"coords":{"x":545,"y":276,"w":20,"h":102}},{"type":"object","tile":{"x":3,"y":-5},"screen":{"x":82,"y":144},"coords":{"x":1306,"y":859,"w":20,"h":48}},{"type":"object","tile":{"x":3,"y":-4},"screen":{"x":31,"y":142},"coords":{"x":1084,"y":133,"w":25,"h":58}},{"type":"object","tile":{"x":4,"y":-5},"screen":{"x":6,"y":144},"coords":{"x":1329,"y":859,"w":20,"h":48}}]},{"id":6,"name":"npc-peasant-3","mode":2,"type":"object","tiles":[{"type":"object","tile":{"x":-4,"y":-5},"screen":{"x":614,"y":144},"coords":{"x":1576,"y":910,"w":23,"h":48}},{"type":"object","tile":{"x":-3,"y":-5},"screen":{"x":538,"y":144},"coords":{"x":1754,"y":910,"w":22,"h":48}},{"type":"object","tile":{"x":-3,"y":-4},"screen":{"x":584,"y":142},"coords":{"x":1403,"y":966,"w":29,"h":58}},{"type":"object","tile":{"x":-2,"y":-5},"screen":{"x":462,"y":144},"coords":{"x":1996,"y":910,"w":21,"h":48}},{"type":"object","tile":{"x":-2,"y":-4},"screen":{"x":493,"y":142},"coords":{"x":1725,"y":966,"w":26,"h":58}},{"type":"object","tile":{"x":-2,"y":-3},"screen":{"x":539,"y":140},"coords":{"x":909,"y":414,"w":35,"h":74}},{"type":"object","tile":{"x":-2,"y":-2},"screen":{"x":620,"y":135},"coords":{"x":545,"y":109,"w":20,"h":100}},{"type":"object","tile":{"x":-1,"y":-5},"screen":{"x":386,"y":144},"coords":{"x":1260,"y":859,"w":20,"h":48}},{"type":"object","tile":{"x":-1,"y":-4},"screen":{"x":401,"y":142},"coords":{"x":1113,"y":302,"w":24,"h":58}},{"type":"object","tile":{"x":-1,"y":-3},"screen":{"x":423,"y":140},"coords":{"x":1000,"y":807,"w":31,"h":74}},{"type":"object","tile":{"x":-1,"y":-2},"screen":{"x":461,"y":135},"coords":{"x":712,"y":393,"w":44,"h":102}},{"type":"object","tile":{"x":-1,"y":-1},"screen":{"x":543,"y":124},"coords":{"x":132,"y":182,"w":78,"h":166}},{"type":"object","tile":{"x":0,"y":-5},"screen":{"x":310,"y":144},"coords":{"x":1513,"y":859,"w":20,"h":48}},{"type":"object","tile":{"x":0,"y":-4},"screen":{"x":308,"y":142},"coords":{"x":1113,"y":485,"w":24,"h":58}},{"type":"object","tile":{"x":0,"y":-3},"screen":{"x":305,"y":140},"coords":{"x":1000,"y":111,"w":30,"h":74}},{"type":"object","tile":{"x":0,"y":-2},"screen":{"x":300,"y":135},"coords":{"x":811,"y":816,"w":41,"h":102}},{"type":"object","tile":{"x":0,"y":-1},"screen":{"x":288,"y":124},"coords":{"x":416,"y":351,"w":66,"h":166}},{"type":"object","tile":{"x":1,"y":-5},"screen":{"x":234,"y":144},"coords":{"x":1352,"y":859,"w":20,"h":48}},{"type":"object","tile":{"x":1,"y":-4},"screen":{"x":216,"y":142},"coords":{"x":1113,"y":546,"w":24,"h":58}},{"type":"object","tile":{"x":1,"y":-3},"screen":{"x":187,"y":140},"coords":{"x":964,"y":639,"w":32,"h":74}},{"type":"object","tile":{"x":1,"y":-2},"screen":{"x":137,"y":135},"coords":{"x":712,"y":288,"w":44,"h":102}},{"type":"object","tile":{"x":1,"y":-1},"screen":{"x":27,"y":124},"coords":{"x":229,"y":180,"w":73,"h":166}},{"type":"object","tile":{"x":2,"y":-5},"screen":{"x":158,"y":144},"coords":{"x":1168,"y":238,"w":20,"h":48}},{"type":"object","tile":{"x":2,"y":-4},"screen":{"x":123,"y":142},"coords":{"x":1084,"y":194,"w":25,"h":58}},{"type":"object","tile":{"x":2,"y":-3},"screen":{"x":69,"y":140},"coords":{"x":964,"y":950,"w":33,"h":74}},{"type":"object","tile":{"x":2,"y":-2},"screen":{"x":0,"y":135},"coords":{"x":107,"y":472,"w":22,"h":102}},{"type":"object","tile":{"x":3,"y":-5},"screen":{"x":82,"y":144},"coords":{"x":1804,"y":910,"w":21,"h":48}},{"type":"object","tile":{"x":3,"y":-4},"screen":{"x":30,"y":142},"coords":{"x":1601,"y":966,"w":27,"h":58}},{"type":"object","tile":{"x":4,"y":-5},"screen":{"x":5,"y":144},"coords":{"x":1679,"y":910,"w":22,"h":48}}]},{"id":7,"name":"npc-peasant-4","mode":2,"type":"object","tiles":[{"type":"object","tile":{"x":-4,"y":-5},"screen":{"x":614,"y":144},"coords":{"x":1704,"y":910,"w":22,"h":48}},{"type":"object","tile":{"x":-3,"y":-5},"screen":{"x":539,"y":144},"coords":{"x":1191,"y":859,"w":20,"h":48}},{"type":"object","tile":{"x":-3,"y":-4},"screen":{"x":585,"y":142},"coords":{"x":1903,"y":966,"w":25,"h":58}},{"type":"object","tile":{"x":-2,"y":-5},"screen":{"x":463,"y":144},"coords":{"x":1536,"y":859,"w":19,"h":48}},{"type":"object","tile":{"x":-2,"y":-4},"screen":{"x":494,"y":142},"coords":{"x":1141,"y":485,"w":23,"h":58}},{"type":"object","tile":{"x":-2,"y":-3},"screen":{"x":540,"y":139},"coords":{"x":964,"y":484,"w":31,"h":75}},{"type":"object","tile":{"x":-2,"y":-2},"screen":{"x":621,"y":134},"coords":{"x":1084,"y":702,"w":19,"h":101}},{"type":"object","tile":{"x":-1,"y":-5},"screen":{"x":388,"y":144},"coords":{"x":307,"y":532,"w":17,"h":48}},{"type":"object","tile":{"x":-1,"y":-4},"screen":{"x":402,"y":142},"coords":{"x":1141,"y":56,"w":21,"h":58}},{"type":"object","tile":{"x":-1,"y":-3},"screen":{"x":424,"y":139},"coords":{"x":1041,"y":484,"w":28,"h":75}},{"type":"object","tile":{"x":-1,"y":-2},"screen":{"x":462,"y":134},"coords":{"x":761,"y":47,"w":41,"h":103}},{"type":"object","tile":{"x":-1,"y":-1},"screen":{"x":544,"y":122},"coords":{"x":229,"y":11,"w":71,"h":166}},{"type":"object","tile":{"x":0,"y":-5},"screen":{"x":312,"y":144},"coords":{"x":615,"y":126,"w":17,"h":48}},{"type":"object","tile":{"x":0,"y":-4},"screen":{"x":311,"y":142},"coords":{"x":1168,"y":727,"w":20,"h":58}},{"type":"object","tile":{"x":0,"y":-3},"screen":{"x":308,"y":139},"coords":{"x":1084,"y":624,"w":25,"h":75}},{"type":"object","tile":{"x":0,"y":-2},"screen":{"x":303,"y":134},"coords":{"x":811,"y":392,"w":35,"h":103}},{"type":"object","tile":{"x":0,"y":-1},"screen":{"x":294,"y":123},"coords":{"x":487,"y":212,"w":55,"h":166}},{"type":"object","tile":{"x":1,"y":-5},"screen":{"x":236,"y":144},"coords":{"x":307,"y":363,"w":17,"h":48}},{"type":"object","tile":{"x":1,"y":-4},"screen":{"x":218,"y":142},"coords":{"x":1168,"y":788,"w":20,"h":58}},{"type":"object","tile":{"x":1,"y":-3},"screen":{"x":190,"y":139},"coords":{"x":1084,"y":883,"w":26,"h":75}},{"type":"object","tile":{"x":1,"y":-2},"screen":{"x":142,"y":134},"coords":{"x":811,"y":498,"w":35,"h":103}},{"type":"object","tile":{"x":1,"y":-1},"screen":{"x":34,"y":123},"coords":{"x":487,"y":719,"w":59,"h":165}},{"type":"object","tile":{"x":2,"y":-5},"screen":{"x":160,"y":144},"coords":{"x":615,"y":177,"w":17,"h":48}},{"type":"object","tile":{"x":2,"y":-4},"screen":{"x":125,"y":142},"coords":{"x":1141,"y":239,"w":21,"h":58}},{"type":"object","tile":{"x":2,"y":-3},"screen":{"x":72,"y":139},"coords":{"x":1041,"y":284,"w":27,"h":75}},{"type":"object","tile":{"x":2,"y":-2},"screen":{"x":0,"y":134},"coords":{"x":307,"y":583,"w":17,"h":103}},{"type":"object","tile":{"x":3,"y":-5},"screen":{"x":83,"y":144},"coords":{"x":547,"y":394,"w":18,"h":48}},{"type":"object","tile":{"x":3,"y":-4},"screen":{"x":33,"y":142},"coords":{"x":1141,"y":117,"w":21,"h":58}},{"type":"object","tile":{"x":4,"y":-5},"screen":{"x":7,"y":144},"coords":{"x":691,"y":189,"w":18,"h":48}}]},{"id":8,"name":"npc-peasant-5","mode":2,"type":"object","tiles":[{"type":"object","tile":{"x":-4,"y":-5},"screen":{"x":613,"y":144},"coords":{"x":1414,"y":910,"w":24,"h":48}},{"type":"object","tile":{"x":-3,"y":-5},"screen":{"x":538,"y":144},"coords":{"x":1828,"y":910,"w":21,"h":48}},{"type":"object","tile":{"x":-3,"y":-4},"screen":{"x":584,"y":142},"coords":{"x":1571,"y":966,"w":27,"h":58}},{"type":"object","tile":{"x":-2,"y":-5},"screen":{"x":462,"y":144},"coords":{"x":1168,"y":85,"w":20,"h":48}},{"type":"object","tile":{"x":-2,"y":-4},"screen":{"x":492,"y":142},"coords":{"x":1931,"y":966,"w":25,"h":58}},{"type":"object","tile":{"x":-2,"y":-3},"screen":{"x":538,"y":139},"coords":{"x":909,"y":336,"w":34,"h":75}},{"type":"object","tile":{"x":-2,"y":-2},"screen":{"x":619,"y":134},"coords":{"x":683,"y":686,"w":21,"h":101}},{"type":"object","tile":{"x":-1,"y":-5},"screen":{"x":386,"y":144},"coords":{"x":1398,"y":859,"w":20,"h":48}},{"type":"object","tile":{"x":-1,"y":-4},"screen":{"x":400,"y":142},"coords":{"x":1113,"y":119,"w":24,"h":58}},{"type":"object","tile":{"x":-1,"y":-3},"screen":{"x":422,"y":139},"coords":{"x":964,"y":328,"w":31,"h":75}},{"type":"object","tile":{"x":-1,"y":-2},"screen":{"x":459,"y":134},"coords":{"x":712,"y":498,"w":44,"h":103}},{"type":"object","tile":{"x":-1,"y":-1},"screen":{"x":541,"y":123},"coords":{"x":132,"y":12,"w":77,"h":167}},{"type":"object","tile":{"x":0,"y":-5},"screen":{"x":310,"y":144},"coords":{"x":1646,"y":859,"w":19,"h":48}},{"type":"object","tile":{"x":0,"y":-4},"screen":{"x":308,"y":142},"coords":{"x":1141,"y":546,"w":23,"h":58}},{"type":"object","tile":{"x":0,"y":-3},"screen":{"x":304,"y":139},"coords":{"x":1000,"y":498,"w":30,"h":75}},{"type":"object","tile":{"x":0,"y":-2},"screen":{"x":299,"y":134},"coords":{"x":811,"y":710,"w":40,"h":103}},{"type":"object","tile":{"x":0,"y":-1},"screen":{"x":286,"y":123},"coords":{"x":416,"y":181,"w":65,"h":167}},{"type":"object","tile":{"x":1,"y":-5},"screen":{"x":234,"y":144},"coords":{"x":1624,"y":859,"w":19,"h":48}},{"type":"object","tile":{"x":1,"y":-4},"screen":{"x":215,"y":142},"coords":{"x":1113,"y":729,"w":24,"h":58}},{"type":"object","tile":{"x":1,"y":-3},"screen":{"x":187,"y":139},"coords":{"x":1041,"y":562,"w":29,"h":75}},{"type":"object","tile":{"x":1,"y":-2},"screen":{"x":137,"y":134},"coords":{"x":811,"y":921,"w":41,"h":103}},{"type":"object","tile":{"x":1,"y":-1},"screen":{"x":28,"y":123},"coords":{"x":416,"y":520,"w":66,"h":167}},{"type":"object","tile":{"x":2,"y":-5},"screen":{"x":158,"y":144},"coords":{"x":1602,"y":859,"w":19,"h":48}},{"type":"object","tile":{"x":2,"y":-4},"screen":{"x":123,"y":142},"coords":{"x":1141,"y":668,"w":23,"h":58}},{"type":"object","tile":{"x":2,"y":-3},"screen":{"x":69,"y":139},"coords":{"x":1000,"y":420,"w":30,"h":75}},{"type":"object","tile":{"x":2,"y":-2},"screen":{"x":0,"y":135},"coords":{"x":547,"y":614,"w":18,"h":102}},{"type":"object","tile":{"x":3,"y":-5},"screen":{"x":81,"y":144},"coords":{"x":1214,"y":859,"w":20,"h":48}},{"type":"object","tile":{"x":3,"y":-4},"screen":{"x":30,"y":142},"coords":{"x":1113,"y":180,"w":24,"h":58}},{"type":"object","tile":{"x":4,"y":-5},"screen":{"x":5,"y":144},"coords":{"x":1168,"y":34,"w":20,"h":48}}]},{"id":9,"name":"npc-monk","mode":2,"type":"object","tiles":[{"type":"object","tile":{"x":-4,"y":-5},"screen":{"x":613,"y":144},"coords":{"x":1468,"y":910,"w":24,"h":48}},{"type":"object","tile":{"x":-3,"y":-5},"screen":{"x":537,"y":145},"coords":{"x":1779,"y":911,"w":22,"h":47}},{"type":"object","tile":{"x":-3,"y":-4},"screen":{"x":583,"y":143},"coords":{"x":1540,"y":967,"w":28,"h":57}},{"type":"object","tile":{"x":-2,"y":-5},"screen":{"x":461,"y":144},"coords":{"x":1900,"y":910,"w":21,"h":48}},{"type":"object","tile":{"x":-2,"y":-4},"screen":{"x":491,"y":143},"coords":{"x":1845,"y":967,"w":26,"h":57}},{"type":"object","tile":{"x":-2,"y":-3},"screen":{"x":537,"y":140},"coords":{"x":909,"y":491,"w":35,"h":74}},{"type":"object","tile":{"x":-2,"y":-2},"screen":{"x":618,"y":136},"coords":{"x":107,"y":370,"w":22,"h":99}},{"type":"object","tile":{"x":-1,"y":-5},"screen":{"x":385,"y":144},"coords":{"x":2020,"y":910,"w":21,"h":48}},{"type":"object","tile":{"x":-1,"y":-4},"screen":{"x":399,"y":143},"coords":{"x":1874,"y":967,"w":26,"h":57}},{"type":"object","tile":{"x":-1,"y":-3},"screen":{"x":421,"y":140},"coords":{"x":964,"y":562,"w":32,"h":74}},{"type":"object","tile":{"x":-1,"y":-2},"screen":{"x":458,"y":135},"coords":{"x":712,"y":816,"w":45,"h":102}},{"type":"object","tile":{"x":-1,"y":-1},"screen":{"x":539,"y":125},"coords":{"x":132,"y":351,"w":79,"h":165}},{"type":"object","tile":{"x":0,"y":-5},"screen":{"x":309,"y":144},"coords":{"x":1948,"y":910,"w":21,"h":48}},{"type":"object","tile":{"x":0,"y":-4},"screen":{"x":307,"y":143},"coords":{"x":1113,"y":790,"w":25,"h":57}},{"type":"object","tile":{"x":0,"y":-3},"screen":{"x":304,"y":140},"coords":{"x":1000,"y":653,"w":31,"h":74}},{"type":"object","tile":{"x":0,"y":-2},"screen":{"x":298,"y":135},"coords":{"x":761,"y":714,"w":43,"h":102}},{"type":"object","tile":{"x":0,"y":-1},"screen":{"x":285,"y":125},"coords":{"x":327,"y":41,"w":68,"h":165}},{"type":"object","tile":{"x":1,"y":-5},"screen":{"x":234,"y":144},"coords":{"x":1141,"y":5,"w":20,"h":48}},{"type":"object","tile":{"x":1,"y":-4},"screen":{"x":215,"y":143},"coords":{"x":1141,"y":729,"w":24,"h":57}},{"type":"object","tile":{"x":1,"y":-3},"screen":{"x":187,"y":140},"coords":{"x":1000,"y":730,"w":31,"h":74}},{"type":"object","tile":{"x":1,"y":-2},"screen":{"x":137,"y":135},"coords":{"x":761,"y":366,"w":42,"h":102}},{"type":"object","tile":{"x":1,"y":-1},"screen":{"x":28,"y":125},"coords":{"x":416,"y":859,"w":68,"h":165}},{"type":"object","tile":{"x":2,"y":-5},"screen":{"x":158,"y":144},"coords":{"x":1168,"y":493,"w":20,"h":48}},{"type":"object","tile":{"x":2,"y":-4},"screen":{"x":123,"y":143},"coords":{"x":1141,"y":789,"w":24,"h":57}},{"type":"object","tile":{"x":2,"y":-3},"screen":{"x":69,"y":140},"coords":{"x":1000,"y":884,"w":31,"h":74}},{"type":"object","tile":{"x":2,"y":-2},"screen":{"x":0,"y":136},"coords":{"x":691,"y":551,"w":18,"h":101}},{"type":"object","tile":{"x":3,"y":-5},"screen":{"x":81,"y":144},"coords":{"x":1168,"y":442,"w":20,"h":48}},{"type":"object","tile":{"x":3,"y":-4},"screen":{"x":30,"y":143},"coords":{"x":1113,"y":850,"w":25,"h":57}},{"type":"object","tile":{"x":4,"y":-5},"screen":{"x":5,"y":144},"coords":{"x":1113,"y":7,"w":20,"h":48}}]},{"id":10,"name":"npc-sorcerer-1","mode":2,"type":"object","tiles":[{"type":"object","tile":{"x":-4,"y":-5},"screen":{"x":597,"y":144},"coords":{"x":1118,"y":976,"w":40,"h":48}},{"type":"object","tile":{"x":-3,"y":-5},"screen":{"x":525,"y":144},"coords":{"x":1472,"y":976,"w":34,"h":48}},{"type":"object","tile":{"x":-3,"y":-4},"screen":{"x":566,"y":142},"coords":{"x":909,"y":568,"w":45,"h":58}},{"type":"object","tile":{"x":-3,"y":-3},"screen":{"x":627,"y":176},"coords":{"x":107,"y":358,"w":13,"h":2}},{"type":"object","tile":{"x":-2,"y":-5},"screen":{"x":454,"y":144},"coords":{"x":1146,"y":910,"w":29,"h":48}},{"type":"object","tile":{"x":-2,"y":-4},"screen":{"x":480,"y":142},"coords":{"x":1041,"y":640,"w":38,"h":58}},{"type":"object","tile":{"x":-2,"y":-3},"screen":{"x":520,"y":140},"coords":{"x":909,"y":872,"w":52,"h":74}},{"type":"object","tile":{"x":-2,"y":-2},"screen":{"x":586,"y":135},"coords":{"x":635,"y":240,"w":54,"h":100}},{"type":"object","tile":{"x":-1,"y":-5},"screen":{"x":382,"y":144},"coords":{"x":1495,"y":910,"w":24,"h":48}},{"type":"object","tile":{"x":-1,"y":-4},"screen":{"x":394,"y":142},"coords":{"x":1237,"y":966,"w":31,"h":58}},{"type":"object","tile":{"x":-1,"y":-3},"screen":{"x":413,"y":140},"coords":{"x":855,"y":19,"w":40,"h":74}},{"type":"object","tile":{"x":-1,"y":-2},"screen":{"x":443,"y":135},"coords":{"x":568,"y":541,"w":61,"h":102}},{"type":"object","tile":{"x":-1,"y":-1},"screen":{"x":504,"y":124},"coords":{"x":0,"y":14,"w":114,"h":165}},{"type":"object","tile":{"x":0,"y":-5},"screen":{"x":310,"y":144},"coords":{"x":1168,"y":136,"w":20,"h":48}},{"type":"object","tile":{"x":0,"y":-4},"screen":{"x":308,"y":142},"coords":{"x":1113,"y":607,"w":24,"h":58}},{"type":"object","tile":{"x":0,"y":-3},"screen":{"x":304,"y":140},"coords":{"x":1000,"y":576,"w":31,"h":74}},{"type":"object","tile":{"x":0,"y":-2},"screen":{"x":298,"y":134},"coords":{"x":761,"y":819,"w":43,"h":103}},{"type":"object","tile":{"x":0,"y":-1},"screen":{"x":283,"y":124},"coords":{"x":327,"y":719,"w":71,"h":165}},{"type":"object","tile":{"x":1,"y":-5},"screen":{"x":231,"y":144},"coords":{"x":1729,"y":910,"w":22,"h":48}},{"type":"object","tile":{"x":1,"y":-4},"screen":{"x":211,"y":142},"coords":{"x":1509,"y":966,"w":28,"h":58}},{"type":"object","tile":{"x":1,"y":-3},"screen":{"x":178,"y":140},"coords":{"x":909,"y":795,"w":39,"h":74}},{"type":"object","tile":{"x":1,"y":-2},"screen":{"x":119,"y":135},"coords":{"x":568,"y":334,"w":60,"h":102}},{"type":"object","tile":{"x":1,"y":-1},"screen":{"x":0,"y":124},"coords":{"x":229,"y":859,"w":95,"h":165}},{"type":"object","tile":{"x":2,"y":-5},"screen":{"x":151,"y":144},"coords":{"x":1300,"y":910,"w":26,"h":48}},{"type":"object","tile":{"x":2,"y":-4},"screen":{"x":113,"y":142},"coords":{"x":1041,"y":30,"w":34,"h":58}},{"type":"object","tile":{"x":2,"y":-3},"screen":{"x":52,"y":140},"coords":{"x":855,"y":712,"w":48,"h":74}},{"type":"object","tile":{"x":2,"y":-2},"screen":{"x":0,"y":135},"coords":{"x":307,"y":414,"w":17,"h":102}},{"type":"object","tile":{"x":3,"y":-5},"screen":{"x":71,"y":144},"coords":{"x":1113,"y":910,"w":30,"h":48}},{"type":"object","tile":{"x":3,"y":-4},"screen":{"x":15,"y":142},"coords":{"x":1041,"y":905,"w":39,"h":58}},{"type":"object","tile":{"x":4,"y":-5},"screen":{"x":0,"y":144},"coords":{"x":1386,"y":910,"w":25,"h":48}}]},{"id":11,"name":"npc-sorcerer-2","mode":2,"type":"object","tiles":[{"type":"object","tile":{"x":-4,"y":-5},"screen":{"x":614,"y":144},"coords":{"x":1628,"y":910,"w":23,"h":48}},{"type":"object","tile":{"x":-3,"y":-5},"screen":{"x":538,"y":144},"coords":{"x":1876,"y":910,"w":21,"h":48}},{"type":"object","tile":{"x":-3,"y":-4},"screen":{"x":585,"y":142},"coords":{"x":1696,"y":966,"w":26,"h":58}},{"type":"object","tile":{"x":-2,"y":-5},"screen":{"x":462,"y":144},"coords":{"x":1924,"y":910,"w":21,"h":48}},{"type":"object","tile":{"x":-2,"y":-4},"screen":{"x":493,"y":142},"coords":{"x":1084,"y":11,"w":25,"h":58}},{"type":"object","tile":{"x":-2,"y":-3},"screen":{"x":539,"y":139},"coords":{"x":909,"y":181,"w":33,"h":75}},{"type":"object","tile":{"x":-2,"y":-2},"screen":{"x":621,"y":134},"coords":{"x":684,"y":34,"w":19,"h":101}},{"type":"object","tile":{"x":-1,"y":-5},"screen":{"x":386,"y":144},"coords":{"x":1375,"y":859,"w":20,"h":48}},{"type":"object","tile":{"x":-1,"y":-4},"screen":{"x":400,"y":142},"coords":{"x":1084,"y":255,"w":25,"h":58}},{"type":"object","tile":{"x":-1,"y":-3},"screen":{"x":422,"y":139},"coords":{"x":964,"y":794,"w":32,"h":75}},{"type":"object","tile":{"x":-1,"y":-2},"screen":{"x":460,"y":134},"coords":{"x":712,"y":710,"w":44,"h":103}},{"type":"object","tile":{"x":-1,"y":-1},"screen":{"x":543,"y":123},"coords":{"x":229,"y":349,"w":75,"h":167}},{"type":"object","tile":{"x":0,"y":-5},"screen":{"x":310,"y":144},"coords":{"x":1168,"y":289,"w":20,"h":48}},{"type":"object","tile":{"x":0,"y":-4},"screen":{"x":308,"y":142},"coords":{"x":1113,"y":241,"w":24,"h":58}},{"type":"object","tile":{"x":0,"y":-3},"screen":{"x":304,"y":139},"coords":{"x":964,"y":406,"w":31,"h":75}},{"type":"object","tile":{"x":0,"y":-2},"screen":{"x":299,"y":134},"coords":{"x":761,"y":608,"w":42,"h":103}},{"type":"object","tile":{"x":0,"y":-1},"screen":{"x":286,"y":123},"coords":{"x":327,"y":379,"w":68,"h":167}},{"type":"object","tile":{"x":1,"y":-5},"screen":{"x":234,"y":144},"coords":{"x":1467,"y":859,"w":20,"h":48}},{"type":"object","tile":{"x":1,"y":-4},"screen":{"x":215,"y":142},"coords":{"x":1113,"y":424,"w":24,"h":58}},{"type":"object","tile":{"x":1,"y":-3},"screen":{"x":187,"y":139},"coords":{"x":1000,"y":342,"w":30,"h":75}},{"type":"object","tile":{"x":1,"y":-2},"screen":{"x":136,"y":134},"coords":{"x":712,"y":182,"w":43,"h":103}},{"type":"object","tile":{"x":1,"y":-1},"screen":{"x":26,"y":123},"coords":{"x":327,"y":549,"w":70,"h":167}},{"type":"object","tile":{"x":2,"y":-5},"screen":{"x":157,"y":144},"coords":{"x":1444,"y":859,"w":20,"h":48}},{"type":"object","tile":{"x":2,"y":-4},"screen":{"x":122,"y":142},"coords":{"x":1959,"y":966,"w":25,"h":58}},{"type":"object","tile":{"x":2,"y":-3},"screen":{"x":68,"y":139},"coords":{"x":964,"y":872,"w":32,"h":75}},{"type":"object","tile":{"x":2,"y":-2},"screen":{"x":0,"y":135},"coords":{"x":547,"y":445,"w":18,"h":102}},{"type":"object","tile":{"x":3,"y":-5},"screen":{"x":81,"y":144},"coords":{"x":1490,"y":859,"w":20,"h":48}},{"type":"object","tile":{"x":3,"y":-4},"screen":{"x":30,"y":142},"coords":{"x":1084,"y":72,"w":25,"h":58}},{"type":"object","tile":{"x":4,"y":-5},"screen":{"x":5,"y":144},"coords":{"x":1237,"y":859,"w":20,"h":48}}]},{"id":12,"name":"npc-sorcerer-3","mode":2,"type":"object","tiles":[{"type":"object","tile":{"x":-4,"y":-5},"screen":{"x":597,"y":144},"coords":{"x":1161,"y":976,"w":40,"h":48}},{"type":"object","tile":{"x":-3,"y":-5},"screen":{"x":525,"y":144},"coords":{"x":1435,"y":976,"w":34,"h":48}},{"type":"object","tile":{"x":-3,"y":-4},"screen":{"x":566,"y":142},"coords":{"x":712,"y":15,"w":45,"h":58}},{"type":"object","tile":{"x":-3,"y":-3},"screen":{"x":627,"y":176},"coords":{"x":107,"y":363,"w":13,"h":4}},{"type":"object","tile":{"x":-2,"y":-5},"screen":{"x":454,"y":144},"coords":{"x":1209,"y":910,"w":28,"h":48}},{"type":"object","tile":{"x":-2,"y":-4},"screen":{"x":481,"y":142},"coords":{"x":1041,"y":362,"w":36,"h":58}},{"type":"object","tile":{"x":-2,"y":-3},"screen":{"x":520,"y":139},"coords":{"x":909,"y":949,"w":52,"h":75}},{"type":"object","tile":{"x":-2,"y":-2},"screen":{"x":586,"y":134},"coords":{"x":635,"y":445,"w":54,"h":101}},{"type":"object","tile":{"x":-1,"y":-5},"screen":{"x":382,"y":144},"coords":{"x":1522,"y":910,"w":24,"h":48}},{"type":"object","tile":{"x":-1,"y":-4},"screen":{"x":395,"y":142},"coords":{"x":1371,"y":966,"w":29,"h":58}},{"type":"object","tile":{"x":-1,"y":-3},"screen":{"x":413,"y":139},"coords":{"x":855,"y":239,"w":40,"h":75}},{"type":"object","tile":{"x":-1,"y":-2},"screen":{"x":444,"y":134},"coords":{"x":568,"y":228,"w":59,"h":103}},{"type":"object","tile":{"x":-1,"y":-1},"screen":{"x":504,"y":123},"coords":{"x":0,"y":182,"w":114,"h":167}},{"type":"object","tile":{"x":0,"y":-5},"screen":{"x":309,"y":144},"coords":{"x":1283,"y":859,"w":20,"h":48}},{"type":"object","tile":{"x":0,"y":-4},"screen":{"x":306,"y":142},"coords":{"x":2015,"y":966,"w":25,"h":58}},{"type":"object","tile":{"x":0,"y":-3},"screen":{"x":302,"y":139},"coords":{"x":964,"y":716,"w":32,"h":75}},{"type":"object","tile":{"x":0,"y":-2},"screen":{"x":294,"y":134},"coords":{"x":712,"y":921,"w":46,"h":103}},{"type":"object","tile":{"x":0,"y":-1},"screen":{"x":276,"y":123},"coords":{"x":229,"y":519,"w":75,"h":167}},{"type":"object","tile":{"x":1,"y":-5},"screen":{"x":229,"y":144},"coords":{"x":1549,"y":910,"w":24,"h":48}},{"type":"object","tile":{"x":1,"y":-4},"screen":{"x":208,"y":142},"coords":{"x":1271,"y":966,"w":31,"h":58}},{"type":"object","tile":{"x":1,"y":-3},"screen":{"x":175,"y":139},"coords":{"x":855,"y":477,"w":42,"h":75}},{"type":"object","tile":{"x":1,"y":-2},"screen":{"x":116,"y":134},"coords":{"x":568,"y":646,"w":62,"h":103}},{"type":"object","tile":{"x":1,"y":-1},"screen":{"x":0,"y":123},"coords":{"x":132,"y":857,"w":94,"h":167}},{"type":"object","tile":{"x":2,"y":-5},"screen":{"x":150,"y":144},"coords":{"x":1270,"y":910,"w":27,"h":48}},{"type":"object","tile":{"x":2,"y":-4},"screen":{"x":110,"y":142},"coords":{"x":1041,"y":423,"w":36,"h":58}},{"type":"object","tile":{"x":2,"y":-3},"screen":{"x":49,"y":139},"coords":{"x":855,"y":789,"w":50,"h":75}},{"type":"object","tile":{"x":2,"y":-2},"screen":{"x":0,"y":135},"coords":{"x":305,"y":244,"w":19,"h":102}},{"type":"object","tile":{"x":3,"y":-5},"screen":{"x":69,"y":144},"coords":{"x":1661,"y":976,"w":32,"h":48}},{"type":"object","tile":{"x":3,"y":-4},"screen":{"x":14,"y":142},"coords":{"x":1041,"y":966,"w":40,"h":58}},{"type":"object","tile":{"x":4,"y":-5},"screen":{"x":0,"y":144},"coords":{"x":1358,"y":910,"w":25,"h":48}}]}]}