{"version":"0.9.3","generated":"14.04.2022 19.28.32","resolution":{"width":640,"height":360},"depth":6,"width":4,"layers":[{"id":1,"name":"portal-1","mode":2,"type":"object","tiles":[{"type":"object","tile":{"x":-4,"y":-6},"screen":{"x":545,"y":121},"coords":{"x":1288,"y":22,"w":68,"h":65}},{"type":"object","tile":{"x":-4,"y":-5},"screen":{"x":583,"y":115},"coords":{"x":1366,"y":406,"w":57,"h":76}},{"type":"object","tile":{"x":-4,"y":-4},"screen":{"x":638,"y":193},"coords":{"x":246,"y":483,"w":2,"h":5}},{"type":"object","tile":{"x":-3,"y":-6},"screen":{"x":481,"y":121},"coords":{"x":1715,"y":643,"w":66,"h":65}},{"type":"object","tile":{"x":-3,"y":-5},"screen":{"x":509,"y":115},"coords":{"x":1739,"y":827,"w":79,"h":76}},{"type":"object","tile":{"x":-3,"y":-4},"screen":{"x":548,"y":107},"coords":{"x":1737,"y":931,"w":92,"h":93}},{"type":"object","tile":{"x":-3,"y":-3},"screen":{"x":608,"y":106},"coords":{"x":1426,"y":112,"w":32,"h":107}},{"type":"object","tile":{"x":-2,"y":-6},"screen":{"x":418,"y":121},"coords":{"x":1982,"y":643,"w":63,"h":65}},{"type":"object","tile":{"x":-2,"y":-5},"screen":{"x":435,"y":115},"coords":{"x":1288,"y":632,"w":75,"h":76}},{"type":"object","tile":{"x":-2,"y":-4},"screen":{"x":459,"y":107},"coords":{"x":1451,"y":931,"w":93,"h":93}},{"type":"object","tile":{"x":-2,"y":-3},"screen":{"x":495,"y":95},"coords":{"x":1004,"y":785,"w":122,"h":118}},{"type":"object","tile":{"x":-2,"y":-2},"screen":{"x":557,"y":74},"coords":{"x":903,"y":503,"w":83,"h":163}},{"type":"object","tile":{"x":-1,"y":-6},"screen":{"x":355,"y":121},"coords":{"x":1741,"y":575,"w":60,"h":65}},{"type":"object","tile":{"x":-1,"y":-5},"screen":{"x":361,"y":115},"coords":{"x":1288,"y":316,"w":72,"h":76}},{"type":"object","tile":{"x":-1,"y":-4},"screen":{"x":369,"y":107},"coords":{"x":1470,"y":810,"w":88,"h":93}},{"type":"object","tile":{"x":-1,"y":-3},"screen":{"x":382,"y":95},"coords":{"x":1004,"y":301,"w":114,"h":118}},{"type":"object","tile":{"x":-1,"y":-2},"screen":{"x":404,"y":73},"coords":{"x":251,"y":56,"w":160,"h":164}},{"type":"object","tile":{"x":-1,"y":-1},"screen":{"x":450,"y":25},"coords":{"x":251,"y":223,"w":190,"h":265}},{"type":"object","tile":{"x":0,"y":-6},"screen":{"x":290,"y":121},"coords":{"x":1426,"y":575,"w":60,"h":65}},{"type":"object","tile":{"x":0,"y":-5},"screen":{"x":285,"y":115},"coords":{"x":1288,"y":158,"w":70,"h":76}},{"type":"object","tile":{"x":0,"y":-4},"screen":{"x":277,"y":107},"coords":{"x":1561,"y":810,"w":86,"h":93}},{"type":"object","tile":{"x":0,"y":-3},"screen":{"x":265,"y":95},"coords":{"x":1242,"y":906,"w":110,"h":118}},{"type":"object","tile":{"x":0,"y":-2},"screen":{"x":244,"y":73},"coords":{"x":740,"y":526,"w":152,"h":164}},{"type":"object","tile":{"x":0,"y":-1},"screen":{"x":196,"y":25},"coords":{"x":0,"y":491,"w":248,"h":265}},{"type":"object","tile":{"x":1,"y":-6},"screen":{"x":225,"y":121},"coords":{"x":1678,"y":575,"w":60,"h":65}},{"type":"object","tile":{"x":1,"y":-5},"screen":{"x":207,"y":115},"coords":{"x":1976,"y":731,"w":72,"h":76}},{"type":"object","tile":{"x":1,"y":-4},"screen":{"x":183,"y":107},"coords":{"x":1927,"y":931,"w":88,"h":93}},{"type":"object","tile":{"x":1,"y":-3},"screen":{"x":144,"y":95},"coords":{"x":1004,"y":180,"w":114,"h":118}},{"type":"object","tile":{"x":1,"y":-2},"screen":{"x":76,"y":73},"coords":{"x":740,"y":860,"w":160,"h":164}},{"type":"object","tile":{"x":1,"y":-1},"screen":{"x":0,"y":25},"coords":{"x":251,"y":491,"w":190,"h":265}},{"type":"object","tile":{"x":2,"y":-6},"screen":{"x":159,"y":121},"coords":{"x":1850,"y":643,"w":63,"h":65}},{"type":"object","tile":{"x":2,"y":-5},"screen":{"x":130,"y":115},"coords":{"x":1898,"y":731,"w":75,"h":76}},{"type":"object","tile":{"x":2,"y":-4},"screen":{"x":88,"y":107},"coords":{"x":1355,"y":931,"w":93,"h":93}},{"type":"object","tile":{"x":2,"y":-3},"screen":{"x":23,"y":95},"coords":{"x":1004,"y":543,"w":122,"h":118}},{"type":"object","tile":{"x":2,"y":-2},"screen":{"x":0,"y":74},"coords":{"x":903,"y":171,"w":83,"h":163}},{"type":"object","tile":{"x":3,"y":-6},"screen":{"x":93,"y":121},"coords":{"x":1577,"y":643,"w":66,"h":65}},{"type":"object","tile":{"x":3,"y":-5},"screen":{"x":52,"y":115},"coords":{"x":1612,"y":731,"w":79,"h":76}},{"type":"object","tile":{"x":3,"y":-4},"screen":{"x":0,"y":107},"coords":{"x":1642,"y":931,"w":92,"h":93}},{"type":"object","tile":{"x":3,"y":-3},"screen":{"x":0,"y":106},"coords":{"x":1426,"y":222,"w":32,"h":107}},{"type":"object","tile":{"x":4,"y":-6},"screen":{"x":27,"y":121},"coords":{"x":1288,"y":90,"w":68,"h":65}},{"type":"object","tile":{"x":4,"y":-5},"screen":{"x":0,"y":115},"coords":{"x":1985,"y":827,"w":57,"h":76}},{"type":"object","tile":{"x":4,"y":-4},"screen":{"x":0,"y":193},"coords":{"x":246,"y":467,"w":2,"h":5}}]},{"id":2,"name":"portal-2","mode":2,"type":"object","tiles":[{"type":"object","tile":{"x":-4,"y":-6},"screen":{"x":545,"y":121},"coords":{"x":1366,"y":643,"w":68,"h":65}},{"type":"object","tile":{"x":-4,"y":-5},"screen":{"x":583,"y":115},"coords":{"x":1366,"y":564,"w":57,"h":76}},{"type":"object","tile":{"x":-4,"y":-4},"screen":{"x":638,"y":193},"coords":{"x":246,"y":459,"w":2,"h":5}},{"type":"object","tile":{"x":-3,"y":-6},"screen":{"x":481,"y":121},"coords":{"x":1508,"y":643,"w":66,"h":65}},{"type":"object","tile":{"x":-3,"y":-5},"screen":{"x":509,"y":115},"coords":{"x":1821,"y":827,"w":79,"h":76}},{"type":"object","tile":{"x":-3,"y":-4},"screen":{"x":548,"y":107},"coords":{"x":1832,"y":931,"w":92,"h":93}},{"type":"object","tile":{"x":-3,"y":-3},"screen":{"x":608,"y":106},"coords":{"x":1426,"y":2,"w":32,"h":107}},{"type":"object","tile":{"x":-2,"y":-6},"screen":{"x":418,"y":121},"coords":{"x":1784,"y":643,"w":63,"h":65}},{"type":"object","tile":{"x":-2,"y":-5},"screen":{"x":435,"y":115},"coords":{"x":1288,"y":553,"w":75,"h":76}},{"type":"object","tile":{"x":-2,"y":-4},"screen":{"x":459,"y":107},"coords":{"x":592,"y":10,"w":93,"h":93}},{"type":"object","tile":{"x":-2,"y":-3},"screen":{"x":495,"y":95},"coords":{"x":1004,"y":906,"w":122,"h":118}},{"type":"object","tile":{"x":-2,"y":-2},"screen":{"x":557,"y":74},"coords":{"x":163,"y":57,"w":83,"h":163}},{"type":"object","tile":{"x":-1,"y":-6},"screen":{"x":355,"y":121},"coords":{"x":1489,"y":575,"w":60,"h":65}},{"type":"object","tile":{"x":-1,"y":-5},"screen":{"x":361,"y":115},"coords":{"x":1288,"y":395,"w":72,"h":76}},{"type":"object","tile":{"x":-1,"y":-4},"screen":{"x":369,"y":107},"coords":{"x":1288,"y":810,"w":88,"h":93}},{"type":"object","tile":{"x":-1,"y":-3},"screen":{"x":382,"y":95},"coords":{"x":1004,"y":422,"w":114,"h":118}},{"type":"object","tile":{"x":-1,"y":-2},"screen":{"x":404,"y":73},"coords":{"x":0,"y":56,"w":160,"h":164}},{"type":"object","tile":{"x":-1,"y":-1},"screen":{"x":450,"y":25},"coords":{"x":251,"y":759,"w":190,"h":265}},{"type":"object","tile":{"x":0,"y":-6},"screen":{"x":290,"y":121},"coords":{"x":1552,"y":575,"w":60,"h":65}},{"type":"object","tile":{"x":0,"y":-5},"screen":{"x":285,"y":115},"coords":{"x":1288,"y":237,"w":70,"h":76}},{"type":"object","tile":{"x":0,"y":-4},"screen":{"x":277,"y":107},"coords":{"x":1650,"y":810,"w":86,"h":93}},{"type":"object","tile":{"x":0,"y":-3},"screen":{"x":265,"y":95},"coords":{"x":1129,"y":906,"w":110,"h":118}},{"type":"object","tile":{"x":0,"y":-2},"screen":{"x":244,"y":73},"coords":{"x":740,"y":359,"w":152,"h":164}},{"type":"object","tile":{"x":0,"y":-1},"screen":{"x":196,"y":25},"coords":{"x":0,"y":759,"w":248,"h":265}},{"type":"object","tile":{"x":1,"y":-6},"screen":{"x":225,"y":121},"coords":{"x":1615,"y":575,"w":60,"h":65}},{"type":"object","tile":{"x":1,"y":-5},"screen":{"x":207,"y":115},"coords":{"x":1288,"y":474,"w":72,"h":76}},{"type":"object","tile":{"x":1,"y":-4},"screen":{"x":183,"y":107},"coords":{"x":1379,"y":810,"w":88,"h":93}},{"type":"object","tile":{"x":1,"y":-3},"screen":{"x":144,"y":95},"coords":{"x":1004,"y":59,"w":114,"h":118}},{"type":"object","tile":{"x":1,"y":-2},"screen":{"x":76,"y":73},"coords":{"x":740,"y":693,"w":160,"h":164}},{"type":"object","tile":{"x":1,"y":-1},"screen":{"x":0,"y":25},"coords":{"x":0,"y":223,"w":190,"h":265}},{"type":"object","tile":{"x":2,"y":-6},"screen":{"x":159,"y":121},"coords":{"x":1916,"y":643,"w":63,"h":65}},{"type":"object","tile":{"x":2,"y":-5},"screen":{"x":130,"y":115},"coords":{"x":1820,"y":731,"w":75,"h":76}},{"type":"object","tile":{"x":2,"y":-4},"screen":{"x":88,"y":107},"coords":{"x":444,"y":10,"w":93,"h":93}},{"type":"object","tile":{"x":2,"y":-3},"screen":{"x":23,"y":95},"coords":{"x":1004,"y":664,"w":122,"h":118}},{"type":"object","tile":{"x":2,"y":-2},"screen":{"x":0,"y":74},"coords":{"x":903,"y":337,"w":83,"h":163}},{"type":"object","tile":{"x":3,"y":-6},"screen":{"x":93,"y":121},"coords":{"x":1646,"y":643,"w":66,"h":65}},{"type":"object","tile":{"x":3,"y":-5},"screen":{"x":52,"y":115},"coords":{"x":1903,"y":827,"w":79,"h":76}},{"type":"object","tile":{"x":3,"y":-4},"screen":{"x":0,"y":107},"coords":{"x":1547,"y":931,"w":92,"h":93}},{"type":"object","tile":{"x":3,"y":-3},"screen":{"x":0,"y":106},"coords":{"x":1474,"y":189,"w":32,"h":107}},{"type":"object","tile":{"x":4,"y":-6},"screen":{"x":27,"y":121},"coords":{"x":1437,"y":643,"w":68,"h":65}},{"type":"object","tile":{"x":4,"y":-5},"screen":{"x":0,"y":115},"coords":{"x":1366,"y":485,"w":57,"h":76}},{"type":"object","tile":{"x":4,"y":-4},"screen":{"x":0,"y":193},"coords":{"x":246,"y":475,"w":2,"h":5}}]},{"id":3,"name":"portal-3","mode":2,"type":"object","tiles":[{"type":"object","tile":{"x":-4,"y":-6},"screen":{"x":554,"y":121},"coords":{"x":1474,"y":368,"w":52,"h":66}},{"type":"object","tile":{"x":-4,"y":-5},"screen":{"x":592,"y":116},"coords":{"x":1366,"y":145,"w":48,"h":78}},{"type":"object","tile":{"x":-3,"y":-6},"screen":{"x":493,"y":121},"coords":{"x":1474,"y":120,"w":44,"h":66}},{"type":"object","tile":{"x":-3,"y":-5},"screen":{"x":522,"y":116},"coords":{"x":841,"y":197,"w":56,"h":78}},{"type":"object","tile":{"x":-3,"y":-4},"screen":{"x":561,"y":108},"coords":{"x":1450,"y":711,"w":78,"h":96}},{"type":"object","tile":{"x":-3,"y":-3},"screen":{"x":619,"y":120},"coords":{"x":1196,"y":267,"w":21,"h":88}},{"type":"object","tile":{"x":-2,"y":-6},"screen":{"x":433,"y":121},"coords":{"x":1660,"y":506,"w":34,"h":66}},{"type":"object","tile":{"x":-2,"y":-5},"screen":{"x":451,"y":116},"coords":{"x":1426,"y":332,"w":45,"h":78}},{"type":"object","tile":{"x":-2,"y":-4},"screen":{"x":477,"y":108},"coords":{"x":1221,"y":132,"w":60,"h":96}},{"type":"object","tile":{"x":-2,"y":-3},"screen":{"x":515,"y":95},"coords":{"x":1129,"y":779,"w":89,"h":124}},{"type":"object","tile":{"x":-2,"y":-2},"screen":{"x":576,"y":74},"coords":{"x":1129,"y":24,"w":64,"h":164}},{"type":"object","tile":{"x":-1,"y":-6},"screen":{"x":372,"y":121},"coords":{"x":1800,"y":506,"w":26,"h":66}},{"type":"object","tile":{"x":-1,"y":-5},"screen":{"x":381,"y":116},"coords":{"x":1529,"y":182,"w":32,"h":78}},{"type":"object","tile":{"x":-1,"y":-4},"screen":{"x":393,"y":108},"coords":{"x":540,"y":7,"w":42,"h":96}},{"type":"object","tile":{"x":-1,"y":-3},"screen":{"x":410,"y":95},"coords":{"x":1221,"y":485,"w":61,"h":124}},{"type":"object","tile":{"x":-1,"y":-2},"screen":{"x":439,"y":73},"coords":{"x":740,"y":180,"w":98,"h":176}},{"type":"object","tile":{"x":-1,"y":-1},"screen":{"x":495,"y":21},"coords":{"x":592,"y":720,"w":145,"h":304}},{"type":"object","tile":{"x":0,"y":-6},"screen":{"x":311,"y":121},"coords":{"x":1196,"y":198,"w":18,"h":66}},{"type":"object","tile":{"x":0,"y":-5},"screen":{"x":309,"y":116},"coords":{"x":1529,"y":20,"w":22,"h":78}},{"type":"object","tile":{"x":0,"y":-4},"screen":{"x":307,"y":108},"coords":{"x":2018,"y":928,"w":26,"h":96}},{"type":"object","tile":{"x":0,"y":-3},"screen":{"x":302,"y":95},"coords":{"x":687,"y":414,"w":36,"h":124}},{"type":"object","tile":{"x":0,"y":-2},"screen":{"x":295,"y":73},"coords":{"x":193,"y":312,"w":50,"h":176}},{"type":"object","tile":{"x":0,"y":-1},"screen":{"x":274,"y":21},"coords":{"x":592,"y":413,"w":92,"h":304}},{"type":"object","tile":{"x":1,"y":-6},"screen":{"x":242,"y":121},"coords":{"x":1829,"y":506,"w":25,"h":66}},{"type":"object","tile":{"x":1,"y":-5},"screen":{"x":227,"y":116},"coords":{"x":1529,"y":263,"w":32,"h":78}},{"type":"object","tile":{"x":1,"y":-4},"screen":{"x":205,"y":108},"coords":{"x":687,"y":187,"w":42,"h":96}},{"type":"object","tile":{"x":1,"y":-3},"screen":{"x":169,"y":95},"coords":{"x":1221,"y":612,"w":61,"h":124}},{"type":"object","tile":{"x":1,"y":-2},"screen":{"x":103,"y":73},"coords":{"x":903,"y":669,"w":98,"h":176}},{"type":"object","tile":{"x":1,"y":-1},"screen":{"x":0,"y":21},"coords":{"x":444,"y":106,"w":145,"h":304}},{"type":"object","tile":{"x":2,"y":-6},"screen":{"x":173,"y":121},"coords":{"x":1697,"y":506,"w":34,"h":66}},{"type":"object","tile":{"x":2,"y":-5},"screen":{"x":144,"y":116},"coords":{"x":1426,"y":494,"w":45,"h":78}},{"type":"object","tile":{"x":2,"y":-4},"screen":{"x":103,"y":108},"coords":{"x":1221,"y":33,"w":60,"h":96}},{"type":"object","tile":{"x":2,"y":-3},"screen":{"x":36,"y":95},"coords":{"x":903,"y":44,"w":89,"h":124}},{"type":"object","tile":{"x":2,"y":-2},"screen":{"x":0,"y":74},"coords":{"x":1129,"y":358,"w":64,"h":164}},{"type":"object","tile":{"x":3,"y":-6},"screen":{"x":103,"y":121},"coords":{"x":1529,"y":506,"w":44,"h":66}},{"type":"object","tile":{"x":3,"y":-5},"screen":{"x":62,"y":116},"coords":{"x":841,"y":99,"w":56,"h":78}},{"type":"object","tile":{"x":3,"y":-4},"screen":{"x":1,"y":108},"coords":{"x":1531,"y":711,"w":78,"h":96}},{"type":"object","tile":{"x":3,"y":-3},"screen":{"x":0,"y":120},"coords":{"x":1196,"y":100,"w":21,"h":88}},{"type":"object","tile":{"x":4,"y":-6},"screen":{"x":34,"y":121},"coords":{"x":1474,"y":299,"w":52,"h":66}},{"type":"object","tile":{"x":4,"y":-5},"screen":{"x":0,"y":116},"coords":{"x":193,"y":231,"w":48,"h":78}}]},{"id":4,"name":"portal-4","mode":2,"type":"object","tiles":[{"type":"object","tile":{"x":-4,"y":-6},"screen":{"x":554,"y":121},"coords":{"x":1474,"y":437,"w":52,"h":66}},{"type":"object","tile":{"x":-4,"y":-5},"screen":{"x":592,"y":116},"coords":{"x":687,"y":106,"w":48,"h":78}},{"type":"object","tile":{"x":-3,"y":-6},"screen":{"x":493,"y":121},"coords":{"x":1474,"y":51,"w":44,"h":66}},{"type":"object","tile":{"x":-3,"y":-5},"screen":{"x":522,"y":116},"coords":{"x":841,"y":278,"w":56,"h":78}},{"type":"object","tile":{"x":-3,"y":-4},"screen":{"x":561,"y":108},"coords":{"x":1288,"y":711,"w":78,"h":96}},{"type":"object","tile":{"x":-3,"y":-3},"screen":{"x":619,"y":120},"coords":{"x":1196,"y":434,"w":21,"h":88}},{"type":"object","tile":{"x":-2,"y":-6},"screen":{"x":433,"y":121},"coords":{"x":1623,"y":506,"w":34,"h":66}},{"type":"object","tile":{"x":-2,"y":-5},"screen":{"x":451,"y":116},"coords":{"x":1426,"y":413,"w":45,"h":78}},{"type":"object","tile":{"x":-2,"y":-4},"screen":{"x":477,"y":108},"coords":{"x":1694,"y":711,"w":60,"h":96}},{"type":"object","tile":{"x":-2,"y":-3},"screen":{"x":515,"y":95},"coords":{"x":1129,"y":525,"w":89,"h":124}},{"type":"object","tile":{"x":-2,"y":-2},"screen":{"x":576,"y":74},"coords":{"x":1221,"y":739,"w":64,"h":164}},{"type":"object","tile":{"x":-1,"y":-6},"screen":{"x":372,"y":121},"coords":{"x":1771,"y":506,"w":26,"h":66}},{"type":"object","tile":{"x":-1,"y":-5},"screen":{"x":381,"y":116},"coords":{"x":1529,"y":425,"w":32,"h":78}},{"type":"object","tile":{"x":-1,"y":-4},"screen":{"x":393,"y":108},"coords":{"x":1366,"y":307,"w":42,"h":96}},{"type":"object","tile":{"x":-1,"y":-3},"screen":{"x":410,"y":95},"coords":{"x":1221,"y":231,"w":61,"h":124}},{"type":"object","tile":{"x":-1,"y":-2},"screen":{"x":439,"y":73},"coords":{"x":740,"y":1,"w":98,"h":176}},{"type":"object","tile":{"x":-1,"y":-1},"screen":{"x":495,"y":21},"coords":{"x":444,"y":413,"w":145,"h":304}},{"type":"object","tile":{"x":0,"y":-6},"screen":{"x":311,"y":121},"coords":{"x":1196,"y":365,"w":18,"h":66}},{"type":"object","tile":{"x":0,"y":-5},"screen":{"x":309,"y":116},"coords":{"x":1529,"y":101,"w":22,"h":78}},{"type":"object","tile":{"x":0,"y":-4},"screen":{"x":307,"y":108},"coords":{"x":414,"y":124,"w":26,"h":96}},{"type":"object","tile":{"x":0,"y":-3},"screen":{"x":302,"y":95},"coords":{"x":687,"y":286,"w":36,"h":124}},{"type":"object","tile":{"x":0,"y":-2},"screen":{"x":295,"y":73},"coords":{"x":687,"y":541,"w":50,"h":176}},{"type":"object","tile":{"x":0,"y":-1},"screen":{"x":274,"y":21},"coords":{"x":592,"y":106,"w":92,"h":304}},{"type":"object","tile":{"x":1,"y":-6},"screen":{"x":242,"y":121},"coords":{"x":1857,"y":506,"w":25,"h":66}},{"type":"object","tile":{"x":1,"y":-5},"screen":{"x":227,"y":116},"coords":{"x":1529,"y":344,"w":32,"h":78}},{"type":"object","tile":{"x":1,"y":-4},"screen":{"x":205,"y":108},"coords":{"x":688,"y":7,"w":42,"h":96}},{"type":"object","tile":{"x":1,"y":-3},"screen":{"x":169,"y":95},"coords":{"x":1221,"y":358,"w":61,"h":124}},{"type":"object","tile":{"x":1,"y":-2},"screen":{"x":103,"y":73},"coords":{"x":903,"y":848,"w":98,"h":176}},{"type":"object","tile":{"x":1,"y":-1},"screen":{"x":0,"y":21},"coords":{"x":444,"y":720,"w":145,"h":304}},{"type":"object","tile":{"x":2,"y":-6},"screen":{"x":173,"y":121},"coords":{"x":1734,"y":506,"w":34,"h":66}},{"type":"object","tile":{"x":2,"y":-5},"screen":{"x":144,"y":116},"coords":{"x":1366,"y":64,"w":45,"h":78}},{"type":"object","tile":{"x":2,"y":-4},"screen":{"x":103,"y":108},"coords":{"x":1757,"y":711,"w":60,"h":96}},{"type":"object","tile":{"x":2,"y":-3},"screen":{"x":36,"y":95},"coords":{"x":1129,"y":652,"w":89,"h":124}},{"type":"object","tile":{"x":2,"y":-2},"screen":{"x":0,"y":74},"coords":{"x":1129,"y":191,"w":64,"h":164}},{"type":"object","tile":{"x":3,"y":-6},"screen":{"x":103,"y":121},"coords":{"x":1576,"y":506,"w":44,"h":66}},{"type":"object","tile":{"x":3,"y":-5},"screen":{"x":62,"y":116},"coords":{"x":841,"y":18,"w":56,"h":78}},{"type":"object","tile":{"x":3,"y":-4},"screen":{"x":1,"y":108},"coords":{"x":1369,"y":711,"w":78,"h":96}},{"type":"object","tile":{"x":3,"y":-3},"screen":{"x":0,"y":120},"coords":{"x":1196,"y":9,"w":21,"h":88}},{"type":"object","tile":{"x":4,"y":-6},"screen":{"x":34,"y":121},"coords":{"x":1474,"y":506,"w":52,"h":66}},{"type":"object","tile":{"x":4,"y":-5},"screen":{"x":0,"y":116},"coords":{"x":1366,"y":226,"w":48,"h":78}}]}]}