{"version":"0.9.3","generated":"14.04.2022 15.57.21","resolution":{"width":640,"height":360},"depth":6,"width":4,"layers":[{"id":1,"name":"walls","mode":2,"type":"object","tiles":[{"type":"object","tile":{"x":-4,"y":-6},"screen":{"x":528,"y":78},"coords":{"x":2389,"y":1828,"w":106,"h":109}},{"type":"object","tile":{"x":-4,"y":-5},"screen":{"x":563,"y":65},"coords":{"x":2375,"y":848,"w":77,"h":129}},{"type":"object","tile":{"x":-4,"y":-4},"screen":{"x":610,"y":77},"coords":{"x":783,"y":1402,"w":30,"h":123}},{"type":"object","tile":{"x":-3,"y":-6},"screen":{"x":465,"y":78},"coords":{"x":2250,"y":608,"w":100,"h":109}},{"type":"object","tile":{"x":-3,"y":-5},"screen":{"x":490,"y":65},"coords":{"x":2126,"y":1808,"w":121,"h":129}},{"type":"object","tile":{"x":-3,"y":-4},"screen":{"x":525,"y":47},"coords":{"x":1842,"y":1215,"w":115,"h":157}},{"type":"object","tile":{"x":-3,"y":-3},"screen":{"x":576,"y":20},"coords":{"x":287,"y":3228,"w":64,"h":198}},{"type":"object","tile":{"x":-2,"y":-6},"screen":{"x":403,"y":78},"coords":{"x":2375,"y":1419,"w":95,"h":109}},{"type":"object","tile":{"x":-2,"y":-5},"screen":{"x":417,"y":65},"coords":{"x":2126,"y":1544,"w":115,"h":129}},{"type":"object","tile":{"x":-2,"y":-4},"screen":{"x":436,"y":47},"coords":{"x":1695,"y":2141,"w":144,"h":157}},{"type":"object","tile":{"x":-2,"y":-3},"screen":{"x":466,"y":20},"coords":{"x":2322,"y":2550,"w":174,"h":199}},{"type":"object","tile":{"x":-2,"y":-2},"screen":{"x":516,"y":0},"coords":{"x":1227,"y":1790,"w":124,"h":249}},{"type":"object","tile":{"x":-2,"y":-1},"screen":{"x":610,"y":17},"coords":{"x":310,"y":2448,"w":30,"h":252}},{"type":"object","tile":{"x":-1,"y":-6},"screen":{"x":338,"y":78},"coords":{"x":2375,"y":1089,"w":92,"h":109}},{"type":"object","tile":{"x":-1,"y":-5},"screen":{"x":342,"y":65},"coords":{"x":2126,"y":262,"w":108,"h":129}},{"type":"object","tile":{"x":-1,"y":-4},"screen":{"x":346,"y":47},"coords":{"x":1695,"y":535,"w":134,"h":157}},{"type":"object","tile":{"x":-1,"y":-3},"screen":{"x":353,"y":20},"coords":{"x":2144,"y":2550,"w":175,"h":199}},{"type":"object","tile":{"x":-1,"y":-2},"screen":{"x":365,"y":0},"coords":{"x":1593,"y":3484,"w":254,"h":249}},{"type":"object","tile":{"x":-1,"y":-1},"screen":{"x":390,"y":0},"coords":{"x":359,"y":1330,"w":250,"h":329}},{"type":"object","tile":{"x":-1,"y":0},"screen":{"x":476,"y":0},"coords":{"x":616,"y":1289,"w":164,"h":360}},{"type":"object","tile":{"x":0,"y":-6},"screen":{"x":274,"y":78},"coords":{"x":3999,"y":2941,"w":96,"h":109}},{"type":"object","tile":{"x":0,"y":-5},"screen":{"x":266,"y":65},"coords":{"x":2126,"y":773,"w":112,"h":129}},{"type":"object","tile":{"x":0,"y":-4},"screen":{"x":255,"y":47},"coords":{"x":1695,"y":695,"w":134,"h":157}},{"type":"object","tile":{"x":0,"y":-3},"screen":{"x":238,"y":20},"coords":{"x":3463,"y":2550,"w":168,"h":199}},{"type":"object","tile":{"x":0,"y":-2},"screen":{"x":206,"y":0},"coords":{"x":2326,"y":3484,"w":229,"h":249}},{"type":"object","tile":{"x":0,"y":-1},"screen":{"x":135,"y":0},"coords":{"x":1991,"y":3767,"w":386,"h":329}},{"type":"object","tile":{"x":1,"y":-6},"screen":{"x":210,"y":78},"coords":{"x":2250,"y":402,"w":99,"h":109}},{"type":"object","tile":{"x":1,"y":-5},"screen":{"x":191,"y":65},"coords":{"x":2126,"y":1676,"w":117,"h":129}},{"type":"object","tile":{"x":1,"y":-4},"screen":{"x":164,"y":47},"coords":{"x":1695,"y":1981,"w":141,"h":157}},{"type":"object","tile":{"x":1,"y":-3},"screen":{"x":117,"y":20},"coords":{"x":1775,"y":2550,"w":184,"h":199}},{"type":"object","tile":{"x":1,"y":-2},"screen":{"x":24,"y":0},"coords":{"x":1047,"y":3484,"w":272,"h":249}},{"type":"object","tile":{"x":1,"y":-1},"screen":{"x":0,"y":0},"coords":{"x":0,"y":62,"w":285,"h":325}},{"type":"object","tile":{"x":1,"y":0},"screen":{"x":0,"y":0},"coords":{"x":359,"y":3114,"w":254,"h":360}},{"type":"object","tile":{"x":2,"y":-6},"screen":{"x":145,"y":78},"coords":{"x":3228,"y":1828,"w":104,"h":109}},{"type":"object","tile":{"x":2,"y":-5},"screen":{"x":112,"y":65},"coords":{"x":1842,"y":231,"w":125,"h":129}},{"type":"object","tile":{"x":2,"y":-4},"screen":{"x":63,"y":47},"coords":{"x":2895,"y":2302,"w":158,"h":157}},{"type":"object","tile":{"x":2,"y":-3},"screen":{"x":0,"y":21},"coords":{"x":3392,"y":3007,"w":197,"h":198}},{"type":"object","tile":{"x":2,"y":-2},"screen":{"x":0,"y":0},"coords":{"x":2998,"y":2956,"w":158,"h":249}},{"type":"object","tile":{"x":2,"y":-1},"screen":{"x":0,"y":14},"coords":{"x":272,"y":1146,"w":83,"h":246}},{"type":"object","tile":{"x":3,"y":-6},"screen":{"x":79,"y":78},"coords":{"x":3313,"y":1943,"w":109,"h":109}},{"type":"object","tile":{"x":3,"y":-5},"screen":{"x":29,"y":66},"coords":{"x":1977,"y":1795,"w":138,"h":128}},{"type":"object","tile":{"x":3,"y":-4},"screen":{"x":0,"y":47},"coords":{"x":1695,"y":1175,"w":137,"h":157}},{"type":"object","tile":{"x":3,"y":-3},"screen":{"x":0,"y":60},"coords":{"x":1580,"y":34,"w":93,"h":158}},{"type":"object","tile":{"x":3,"y":-2},"screen":{"x":0,"y":126},"coords":{"x":3473,"y":3747,"w":21,"h":72}},{"type":"object","tile":{"x":4,"y":-6},"screen":{"x":10,"y":78},"coords":{"x":2403,"y":1943,"w":117,"h":109}},{"type":"object","tile":{"x":4,"y":-5},"screen":{"x":0,"y":66},"coords":{"x":2250,"y":1191,"w":96,"h":128}},{"type":"object","tile":{"x":4,"y":-4},"screen":{"x":0,"y":81},"coords":{"x":287,"y":3106,"w":53,"h":119}}]},{"id":2,"name":"forest-ground-1","mode":2,"type":"ground","tiles":[{"type":"ground","tile":{"x":-4,"y":-6},"screen":{"x":535,"y":182},"coords":{"x":2998,"y":2933,"w":98,"h":6}},{"type":"ground","tile":{"x":-4,"y":-5},"screen":{"x":570,"y":187},"coords":{"x":281,"y":2042,"w":70,"h":7}},{"type":"ground","tile":{"x":-4,"y":-4},"screen":{"x":612,"y":194},"coords":{"x":1605,"y":3736,"w":28,"h":4}},{"type":"ground","tile":{"x":-3,"y":-6},"screen":{"x":474,"y":182},"coords":{"x":2176,"y":2759,"w":89,"h":6}},{"type":"ground","tile":{"x":-3,"y":-5},"screen":{"x":499,"y":187},"coords":{"x":3560,"y":3480,"w":106,"h":7}},{"type":"ground","tile":{"x":-3,"y":-4},"screen":{"x":529,"y":193},"coords":{"x":1084,"y":13,"w":111,"h":11}},{"type":"ground","tile":{"x":-3,"y":-3},"screen":{"x":579,"y":203},"coords":{"x":287,"y":3072,"w":61,"h":14}},{"type":"ground","tile":{"x":-2,"y":-6},"screen":{"x":412,"y":182},"coords":{"x":2315,"y":2759,"w":82,"h":6}},{"type":"ground","tile":{"x":-2,"y":-5},"screen":{"x":427,"y":187},"coords":{"x":3684,"y":3480,"w":97,"h":7}},{"type":"ground","tile":{"x":-2,"y":-4},"screen":{"x":445,"y":193},"coords":{"x":2758,"y":2939,"w":129,"h":11}},{"type":"ground","tile":{"x":-2,"y":-3},"screen":{"x":475,"y":203},"coords":{"x":2380,"y":3743,"w":165,"h":17}},{"type":"ground","tile":{"x":-2,"y":-2},"screen":{"x":523,"y":220},"coords":{"x":2706,"y":2555,"w":117,"h":31}},{"type":"ground","tile":{"x":-2,"y":-1},"screen":{"x":616,"y":251},"coords":{"x":3697,"y":3736,"w":24,"h":8}},{"type":"ground","tile":{"x":-1,"y":-6},"screen":{"x":351,"y":182},"coords":{"x":283,"y":696,"w":73,"h":6}},{"type":"ground","tile":{"x":-1,"y":-5},"screen":{"x":356,"y":187},"coords":{"x":2890,"y":2943,"w":86,"h":7}},{"type":"ground","tile":{"x":-1,"y":-4},"screen":{"x":362,"y":193},"coords":{"x":1613,"y":2754,"w":110,"h":11}},{"type":"ground","tile":{"x":-1,"y":-3},"screen":{"x":372,"y":203},"coords":{"x":3519,"y":3744,"w":148,"h":17}},{"type":"ground","tile":{"x":-1,"y":-2},"screen":{"x":388,"y":220},"coords":{"x":0,"y":28,"w":225,"h":31}},{"type":"ground","tile":{"x":-1,"y":-1},"screen":{"x":419,"y":251},"coords":{"x":1943,"y":2462,"w":221,"h":82}},{"type":"ground","tile":{"x":-1,"y":0},"screen":{"x":501,"y":333},"coords":{"x":3340,"y":3235,"w":139,"h":27}},{"type":"ground","tile":{"x":0,"y":-6},"screen":{"x":285,"y":182},"coords":{"x":3482,"y":3247,"w":70,"h":6}},{"type":"ground","tile":{"x":0,"y":-5},"screen":{"x":279,"y":187},"coords":{"x":2890,"y":2933,"w":82,"h":7}},{"type":"ground","tile":{"x":0,"y":-4},"screen":{"x":269,"y":193},"coords":{"x":2275,"y":3753,"w":102,"h":11}},{"type":"ground","tile":{"x":0,"y":-3},"screen":{"x":253,"y":203},"coords":{"x":3340,"y":3215,"w":134,"h":17}},{"type":"ground","tile":{"x":0,"y":-2},"screen":{"x":222,"y":220},"coords":{"x":3886,"y":3742,"w":196,"h":31}},{"type":"ground","tile":{"x":0,"y":-1},"screen":{"x":140,"y":251},"coords":{"x":1580,"y":2462,"w":360,"h":82}},{"type":"ground","tile":{"x":0,"y":0},"screen":{"x":113,"y":333},"coords":{"x":2167,"y":2517,"w":414,"h":27}},{"type":"ground","tile":{"x":1,"y":-6},"screen":{"x":216,"y":182},"coords":{"x":151,"y":19,"w":73,"h":6}},{"type":"ground","tile":{"x":1,"y":-5},"screen":{"x":198,"y":187},"coords":{"x":3784,"y":3480,"w":86,"h":7}},{"type":"ground","tile":{"x":1,"y":-4},"screen":{"x":168,"y":193},"coords":{"x":1726,"y":2754,"w":110,"h":11}},{"type":"ground","tile":{"x":1,"y":-3},"screen":{"x":120,"y":203},"coords":{"x":0,"y":8,"w":148,"h":17}},{"type":"ground","tile":{"x":1,"y":-2},"screen":{"x":27,"y":220},"coords":{"x":3519,"y":3764,"w":225,"h":31}},{"type":"ground","tile":{"x":1,"y":-1},"screen":{"x":0,"y":251},"coords":{"x":3592,"y":2949,"w":221,"h":82}},{"type":"ground","tile":{"x":1,"y":0},"screen":{"x":0,"y":333},"coords":{"x":1991,"y":3737,"w":139,"h":27}},{"type":"ground","tile":{"x":2,"y":-6},"screen":{"x":146,"y":182},"coords":{"x":2400,"y":2759,"w":82,"h":6}},{"type":"ground","tile":{"x":2,"y":-5},"screen":{"x":116,"y":187},"coords":{"x":984,"y":1025,"w":97,"h":7}},{"type":"ground","tile":{"x":2,"y":-4},"screen":{"x":66,"y":193},"coords":{"x":359,"y":1,"w":129,"h":11}},{"type":"ground","tile":{"x":2,"y":-3},"screen":{"x":0,"y":203},"coords":{"x":1773,"y":3743,"w":165,"h":17}},{"type":"ground","tile":{"x":2,"y":-2},"screen":{"x":0,"y":220},"coords":{"x":2499,"y":2547,"w":117,"h":31}},{"type":"ground","tile":{"x":2,"y":-1},"screen":{"x":0,"y":251},"coords":{"x":3670,"y":3736,"w":24,"h":8}},{"type":"ground","tile":{"x":3,"y":-6},"screen":{"x":77,"y":182},"coords":{"x":1964,"y":2759,"w":89,"h":6}},{"type":"ground","tile":{"x":3,"y":-5},"screen":{"x":35,"y":187},"coords":{"x":3018,"y":3478,"w":106,"h":7}},{"type":"ground","tile":{"x":3,"y":-4},"screen":{"x":0,"y":193},"coords":{"x":3592,"y":2935,"w":111,"h":11}},{"type":"ground","tile":{"x":3,"y":-3},"screen":{"x":0,"y":204},"coords":{"x":281,"y":2052,"w":61,"h":13}},{"type":"ground","tile":{"x":4,"y":-6},"screen":{"x":7,"y":182},"coords":{"x":3291,"y":2941,"w":98,"h":6}},{"type":"ground","tile":{"x":4,"y":-5},"screen":{"x":0,"y":187},"coords":{"x":281,"y":2022,"w":70,"h":7}},{"type":"ground","tile":{"x":4,"y":-4},"screen":{"x":0,"y":194},"coords":{"x":1636,"y":3736,"w":28,"h":4}}]},{"id":3,"name":"forest-ground-2","mode":2,"type":"ground","tiles":[{"type":"ground","tile":{"x":-4,"y":-6},"screen":{"x":535,"y":182},"coords":{"x":3291,"y":2932,"w":98,"h":6}},{"type":"ground","tile":{"x":-4,"y":-5},"screen":{"x":570,"y":187},"coords":{"x":281,"y":2012,"w":70,"h":7}},{"type":"ground","tile":{"x":-4,"y":-4},"screen":{"x":612,"y":193},"coords":{"x":3550,"y":3736,"w":28,"h":5}},{"type":"ground","tile":{"x":-3,"y":-6},"screen":{"x":474,"y":182},"coords":{"x":2084,"y":2759,"w":89,"h":6}},{"type":"ground","tile":{"x":-3,"y":-5},"screen":{"x":499,"y":187},"coords":{"x":3451,"y":3480,"w":106,"h":7}},{"type":"ground","tile":{"x":-3,"y":-4},"screen":{"x":529,"y":193},"coords":{"x":3706,"y":2935,"w":111,"h":11}},{"type":"ground","tile":{"x":-3,"y":-3},"screen":{"x":579,"y":203},"coords":{"x":3670,"y":3747,"w":61,"h":14}},{"type":"ground","tile":{"x":-2,"y":-6},"screen":{"x":412,"y":182},"coords":{"x":3187,"y":2768,"w":82,"h":6}},{"type":"ground","tile":{"x":-2,"y":-5},"screen":{"x":427,"y":187},"coords":{"x":984,"y":676,"w":97,"h":7}},{"type":"ground","tile":{"x":-2,"y":-4},"screen":{"x":445,"y":193},"coords":{"x":3159,"y":2936,"w":129,"h":11}},{"type":"ground","tile":{"x":-2,"y":-3},"screen":{"x":475,"y":203},"coords":{"x":2548,"y":3743,"w":165,"h":17}},{"type":"ground","tile":{"x":-2,"y":-2},"screen":{"x":523,"y":220},"coords":{"x":2920,"y":2548,"w":117,"h":31}},{"type":"ground","tile":{"x":-2,"y":-1},"screen":{"x":616,"y":251},"coords":{"x":2716,"y":3741,"w":24,"h":8}},{"type":"ground","tile":{"x":-1,"y":-6},"screen":{"x":351,"y":182},"coords":{"x":151,"y":10,"w":73,"h":6}},{"type":"ground","tile":{"x":-1,"y":-5},"screen":{"x":356,"y":187},"coords":{"x":984,"y":310,"w":86,"h":7}},{"type":"ground","tile":{"x":-1,"y":-4},"screen":{"x":362,"y":193},"coords":{"x":1227,"y":4,"w":110,"h":11}},{"type":"ground","tile":{"x":-1,"y":-3},"screen":{"x":372,"y":203},"coords":{"x":2395,"y":2934,"w":148,"h":17}},{"type":"ground","tile":{"x":-1,"y":-2},"screen":{"x":388,"y":220},"coords":{"x":3451,"y":3490,"w":225,"h":31}},{"type":"ground","tile":{"x":-1,"y":-1},"screen":{"x":419,"y":251},"coords":{"x":2758,"y":2953,"w":221,"h":82}},{"type":"ground","tile":{"x":-1,"y":0},"screen":{"x":501,"y":333},"coords":{"x":3890,"y":3237,"w":139,"h":27}},{"type":"ground","tile":{"x":0,"y":-6},"screen":{"x":285,"y":182},"coords":{"x":3482,"y":3256,"w":70,"h":6}},{"type":"ground","tile":{"x":0,"y":-5},"screen":{"x":279,"y":187},"coords":{"x":3999,"y":2931,"w":82,"h":7}},{"type":"ground","tile":{"x":0,"y":-4},"screen":{"x":269,"y":193},"coords":{"x":2275,"y":3739,"w":102,"h":11}},{"type":"ground","tile":{"x":0,"y":-3},"screen":{"x":253,"y":203},"coords":{"x":3890,"y":3217,"w":134,"h":17}},{"type":"ground","tile":{"x":0,"y":-2},"screen":{"x":222,"y":220},"coords":{"x":3684,"y":3490,"w":196,"h":31}},{"type":"ground","tile":{"x":0,"y":-1},"screen":{"x":140,"y":251},"coords":{"x":3110,"y":3737,"w":360,"h":82}},{"type":"ground","tile":{"x":0,"y":0},"screen":{"x":113,"y":333},"coords":{"x":2167,"y":2487,"w":414,"h":27}},{"type":"ground","tile":{"x":1,"y":-6},"screen":{"x":216,"y":182},"coords":{"x":151,"y":1,"w":73,"h":6}},{"type":"ground","tile":{"x":1,"y":-5},"screen":{"x":198,"y":187},"coords":{"x":984,"y":300,"w":86,"h":7}},{"type":"ground","tile":{"x":1,"y":-4},"screen":{"x":168,"y":193},"coords":{"x":1851,"y":2754,"w":110,"h":11}},{"type":"ground","tile":{"x":1,"y":-3},"screen":{"x":120,"y":203},"coords":{"x":616,"y":6,"w":148,"h":17}},{"type":"ground","tile":{"x":1,"y":-2},"screen":{"x":27,"y":220},"coords":{"x":2743,"y":3740,"w":225,"h":31}},{"type":"ground","tile":{"x":1,"y":-1},"screen":{"x":0,"y":251},"coords":{"x":3159,"y":2950,"w":221,"h":82}},{"type":"ground","tile":{"x":1,"y":0},"screen":{"x":0,"y":333},"coords":{"x":2133,"y":3737,"w":139,"h":27}},{"type":"ground","tile":{"x":2,"y":-6},"screen":{"x":146,"y":182},"coords":{"x":3187,"y":2759,"w":82,"h":6}},{"type":"ground","tile":{"x":2,"y":-5},"screen":{"x":116,"y":187},"coords":{"x":984,"y":666,"w":97,"h":7}},{"type":"ground","tile":{"x":2,"y":-4},"screen":{"x":66,"y":193},"coords":{"x":2998,"y":2942,"w":129,"h":11}},{"type":"ground","tile":{"x":2,"y":-3},"screen":{"x":0,"y":203},"coords":{"x":1605,"y":3743,"w":165,"h":17}},{"type":"ground","tile":{"x":2,"y":-2},"screen":{"x":0,"y":220},"coords":{"x":2971,"y":3740,"w":117,"h":31}},{"type":"ground","tile":{"x":2,"y":-1},"screen":{"x":0,"y":251},"coords":{"x":2716,"y":3752,"w":24,"h":8}},{"type":"ground","tile":{"x":3,"y":-6},"screen":{"x":77,"y":182},"coords":{"x":1084,"y":4,"w":89,"h":6}},{"type":"ground","tile":{"x":3,"y":-5},"screen":{"x":35,"y":187},"coords":{"x":3127,"y":3478,"w":106,"h":7}},{"type":"ground","tile":{"x":3,"y":-4},"screen":{"x":0,"y":193},"coords":{"x":491,"y":1,"w":111,"h":11}},{"type":"ground","tile":{"x":3,"y":-3},"screen":{"x":0,"y":203},"coords":{"x":287,"y":3089,"w":61,"h":14}},{"type":"ground","tile":{"x":4,"y":-6},"screen":{"x":7,"y":182},"coords":{"x":3890,"y":3208,"w":98,"h":6}},{"type":"ground","tile":{"x":4,"y":-5},"screen":{"x":0,"y":187},"coords":{"x":281,"y":2032,"w":70,"h":7}},{"type":"ground","tile":{"x":4,"y":-4},"screen":{"x":0,"y":193},"coords":{"x":3519,"y":3736,"w":28,"h":5}}]},{"id":4,"name":"gate-1","mode":2,"type":"object","tiles":[{"type":"object","tile":{"x":-2,"y":-6},"screen":{"x":392,"y":83},"coords":{"x":3117,"y":1832,"w":108,"h":105}},{"type":"object","tile":{"x":-2,"y":-5},"screen":{"x":404,"y":70},"coords":{"x":1977,"y":293,"w":127,"h":124}},{"type":"object","tile":{"x":-2,"y":-4},"screen":{"x":419,"y":50},"coords":{"x":3380,"y":2305,"w":158,"h":154}},{"type":"object","tile":{"x":-2,"y":-3},"screen":{"x":443,"y":18},"coords":{"x":2558,"y":3003,"w":197,"h":202}},{"type":"object","tile":{"x":-2,"y":-2},"screen":{"x":480,"y":0},"coords":{"x":2395,"y":2954,"w":160,"h":251}},{"type":"object","tile":{"x":-2,"y":-1},"screen":{"x":550,"y":0},"coords":{"x":984,"y":762,"w":90,"h":260}},{"type":"object","tile":{"x":-1,"y":-6},"screen":{"x":332,"y":83},"coords":{"x":3461,"y":1832,"w":105,"h":105}},{"type":"object","tile":{"x":-1,"y":-5},"screen":{"x":335,"y":70},"coords":{"x":2250,"y":1696,"w":122,"h":124}},{"type":"object","tile":{"x":-1,"y":-4},"screen":{"x":337,"y":50},"coords":{"x":3840,"y":2305,"w":148,"h":154}},{"type":"object","tile":{"x":-1,"y":-3},"screen":{"x":341,"y":18},"coords":{"x":1585,"y":2547,"w":187,"h":202}},{"type":"object","tile":{"x":-1,"y":-2},"screen":{"x":347,"y":0},"coords":{"x":1322,"y":3482,"w":268,"h":251}},{"type":"object","tile":{"x":-1,"y":-1},"screen":{"x":360,"y":0},"coords":{"x":0,"y":696,"w":280,"h":333}},{"type":"object","tile":{"x":-1,"y":0},"screen":{"x":392,"y":0},"coords":{"x":359,"y":2025,"w":248,"h":360}},{"type":"object","tile":{"x":0,"y":-6},"screen":{"x":272,"y":83},"coords":{"x":2250,"y":200,"w":102,"h":105}},{"type":"object","tile":{"x":0,"y":-5},"screen":{"x":264,"y":70},"coords":{"x":2126,"y":1417,"w":119,"h":124}},{"type":"object","tile":{"x":0,"y":-4},"screen":{"x":253,"y":50},"coords":{"x":1695,"y":1824,"w":143,"h":154}},{"type":"object","tile":{"x":0,"y":-3},"screen":{"x":236,"y":18},"coords":{"x":1962,"y":2547,"w":179,"h":202}},{"type":"object","tile":{"x":0,"y":-2},"screen":{"x":211,"y":0},"coords":{"x":1850,"y":3482,"w":239,"h":251}},{"type":"object","tile":{"x":0,"y":-1},"screen":{"x":140,"y":0},"coords":{"x":1605,"y":3763,"w":383,"h":333}},{"type":"object","tile":{"x":1,"y":-6},"screen":{"x":211,"y":83},"coords":{"x":2375,"y":1531,"w":100,"h":105}},{"type":"object","tile":{"x":1,"y":-5},"screen":{"x":194,"y":70},"coords":{"x":2126,"y":646,"w":116,"h":124}},{"type":"object","tile":{"x":1,"y":-4},"screen":{"x":166,"y":50},"coords":{"x":1695,"y":1667,"w":142,"h":154}},{"type":"object","tile":{"x":1,"y":-3},"screen":{"x":117,"y":18},"coords":{"x":1393,"y":2547,"w":189,"h":202}},{"type":"object","tile":{"x":1,"y":-2},"screen":{"x":25,"y":0},"coords":{"x":768,"y":3482,"w":276,"h":251}},{"type":"object","tile":{"x":1,"y":-1},"screen":{"x":0,"y":0},"coords":{"x":0,"y":1672,"w":293,"h":333}},{"type":"object","tile":{"x":1,"y":0},"screen":{"x":0,"y":0},"coords":{"x":0,"y":1032,"w":269,"h":360}},{"type":"object","tile":{"x":2,"y":-6},"screen":{"x":146,"y":83},"coords":{"x":3937,"y":1832,"w":104,"h":105}},{"type":"object","tile":{"x":2,"y":-5},"screen":{"x":112,"y":70},"coords":{"x":1977,"y":420,"w":127,"h":124}},{"type":"object","tile":{"x":2,"y":-4},"screen":{"x":63,"y":50},"coords":{"x":3056,"y":2305,"w":161,"h":154}},{"type":"object","tile":{"x":2,"y":-3},"screen":{"x":0,"y":18},"coords":{"x":1991,"y":3003,"w":201,"h":202}},{"type":"object","tile":{"x":2,"y":-2},"screen":{"x":0,"y":0},"coords":{"x":3908,"y":3482,"w":162,"h":251}},{"type":"object","tile":{"x":2,"y":-1},"screen":{"x":0,"y":0},"coords":{"x":984,"y":397,"w":89,"h":262}}]},{"id":5,"name":"gate-2","mode":2,"type":"object","tiles":[{"type":"object","tile":{"x":-2,"y":-6},"screen":{"x":395,"y":83},"coords":{"x":2279,"y":1946,"w":121,"h":106}},{"type":"object","tile":{"x":-2,"y":-5},"screen":{"x":409,"y":70},"coords":{"x":1977,"y":1926,"w":146,"h":126}},{"type":"object","tile":{"x":-2,"y":-4},"screen":{"x":428,"y":50},"coords":{"x":1393,"y":261,"w":184,"h":158}},{"type":"object","tile":{"x":-2,"y":-3},"screen":{"x":459,"y":18},"coords":{"x":1393,"y":2126,"w":181,"h":208}},{"type":"object","tile":{"x":-2,"y":-2},"screen":{"x":512,"y":0},"coords":{"x":1084,"y":232,"w":128,"h":264}},{"type":"object","tile":{"x":-2,"y":-1},"screen":{"x":615,"y":0},"coords":{"x":296,"y":1738,"w":25,"h":267}},{"type":"object","tile":{"x":-1,"y":-6},"screen":{"x":329,"y":83},"coords":{"x":2523,"y":1946,"w":117,"h":106}},{"type":"object","tile":{"x":-1,"y":-5},"screen":{"x":331,"y":70},"coords":{"x":1977,"y":1666,"w":139,"h":126}},{"type":"object","tile":{"x":-1,"y":-4},"screen":{"x":333,"y":50},"coords":{"x":1695,"y":2301,"w":174,"h":158}},{"type":"object","tile":{"x":-1,"y":-3},"screen":{"x":336,"y":18},"coords":{"x":3451,"y":3524,"w":230,"h":209}},{"type":"object","tile":{"x":-1,"y":-2},"screen":{"x":342,"y":0},"coords":{"x":943,"y":3210,"w":298,"h":264}},{"type":"object","tile":{"x":-1,"y":-1},"screen":{"x":356,"y":0},"coords":{"x":0,"y":3066,"w":284,"h":360}},{"type":"object","tile":{"x":-1,"y":0},"screen":{"x":492,"y":0},"coords":{"x":616,"y":644,"w":148,"h":360}},{"type":"object","tile":{"x":0,"y":-6},"screen":{"x":261,"y":83},"coords":{"x":2920,"y":1946,"w":115,"h":106}},{"type":"object","tile":{"x":0,"y":-5},"screen":{"x":251,"y":70},"coords":{"x":1977,"y":1413,"w":135,"h":127}},{"type":"object","tile":{"x":0,"y":-4},"screen":{"x":234,"y":50},"coords":{"x":2392,"y":2301,"w":168,"h":158}},{"type":"object","tile":{"x":0,"y":-3},"screen":{"x":206,"y":18},"coords":{"x":3684,"y":3524,"w":221,"h":209}},{"type":"object","tile":{"x":0,"y":-2},"screen":{"x":156,"y":0},"coords":{"x":616,"y":3208,"w":324,"h":266}},{"type":"object","tile":{"x":0,"y":-1},"screen":{"x":14,"y":0},"coords":{"x":0,"y":3736,"w":609,"h":360}},{"type":"object","tile":{"x":1,"y":-6},"screen":{"x":194,"y":83},"coords":{"x":3425,"y":1946,"w":112,"h":106}},{"type":"object","tile":{"x":1,"y":-5},"screen":{"x":170,"y":70},"coords":{"x":1977,"y":1283,"w":134,"h":127}},{"type":"object","tile":{"x":1,"y":-4},"screen":{"x":133,"y":50},"coords":{"x":2563,"y":2301,"w":167,"h":158}},{"type":"object","tile":{"x":1,"y":-3},"screen":{"x":74,"y":18},"coords":{"x":3340,"y":3265,"w":219,"h":209}},{"type":"object","tile":{"x":1,"y":-2},"screen":{"x":0,"y":0},"coords":{"x":1244,"y":3208,"w":282,"h":266}},{"type":"object","tile":{"x":1,"y":-1},"screen":{"x":0,"y":0},"coords":{"x":359,"y":2388,"w":252,"h":360}},{"type":"object","tile":{"x":1,"y":0},"screen":{"x":0,"y":0},"coords":{"x":841,"y":662,"w":140,"h":360}},{"type":"object","tile":{"x":2,"y":-6},"screen":{"x":125,"y":83},"coords":{"x":3540,"y":1946,"w":112,"h":106}},{"type":"object","tile":{"x":2,"y":-5},"screen":{"x":86,"y":70},"coords":{"x":1977,"y":1154,"w":135,"h":126}},{"type":"object","tile":{"x":2,"y":-4},"screen":{"x":27,"y":50},"coords":{"x":1872,"y":2301,"w":171,"h":158}},{"type":"object","tile":{"x":2,"y":-3},"screen":{"x":0,"y":18},"coords":{"x":1393,"y":836,"w":166,"h":209}},{"type":"object","tile":{"x":2,"y":-2},"screen":{"x":0,"y":0},"coords":{"x":1227,"y":2042,"w":117,"h":264}},{"type":"object","tile":{"x":2,"y":-1},"screen":{"x":0,"y":0},"coords":{"x":288,"y":128,"w":25,"h":259}}]},{"id":6,"name":"gate-3","mode":2,"type":"object","tiles":[{"type":"object","tile":{"x":-2,"y":-6},"screen":{"x":393,"y":83},"coords":{"x":2250,"y":91,"w":101,"h":106}},{"type":"object","tile":{"x":-2,"y":-5},"screen":{"x":404,"y":70},"coords":{"x":1977,"y":45,"w":124,"h":126}},{"type":"object","tile":{"x":-2,"y":-4},"screen":{"x":420,"y":50},"coords":{"x":3220,"y":2302,"w":157,"h":157}},{"type":"object","tile":{"x":-2,"y":-3},"screen":{"x":443,"y":18},"coords":{"x":2195,"y":2999,"w":197,"h":206}},{"type":"object","tile":{"x":-2,"y":-2},"screen":{"x":480,"y":0},"coords":{"x":3727,"y":3214,"w":160,"h":260}},{"type":"object","tile":{"x":-2,"y":-1},"screen":{"x":548,"y":0},"coords":{"x":984,"y":1126,"w":92,"h":259}},{"type":"object","tile":{"x":-1,"y":-6},"screen":{"x":333,"y":83},"coords":{"x":2375,"y":523,"w":92,"h":106}},{"type":"object","tile":{"x":-1,"y":-5},"screen":{"x":336,"y":70},"coords":{"x":2126,"y":4,"w":109,"h":126}},{"type":"object","tile":{"x":-1,"y":-4},"screen":{"x":338,"y":50},"coords":{"x":1695,"y":1015,"w":136,"h":157}},{"type":"object","tile":{"x":-1,"y":-3},"screen":{"x":342,"y":18},"coords":{"x":1393,"y":1917,"w":181,"h":206}},{"type":"object","tile":{"x":-1,"y":-2},"screen":{"x":350,"y":0},"coords":{"x":1802,"y":3214,"w":265,"h":260}},{"type":"object","tile":{"x":-1,"y":-1},"screen":{"x":362,"y":0},"coords":{"x":0,"y":2008,"w":278,"h":360}},{"type":"object","tile":{"x":-1,"y":0},"screen":{"x":395,"y":0},"coords":{"x":359,"y":1662,"w":245,"h":360}},{"type":"object","tile":{"x":0,"y":-6},"screen":{"x":263,"y":83},"coords":{"x":2375,"y":414,"w":92,"h":106}},{"type":"object","tile":{"x":0,"y":-5},"screen":{"x":252,"y":70},"coords":{"x":2126,"y":133,"w":110,"h":126}},{"type":"object","tile":{"x":0,"y":-4},"screen":{"x":236,"y":50},"coords":{"x":1695,"y":855,"w":135,"h":157}},{"type":"object","tile":{"x":0,"y":-3},"screen":{"x":209,"y":18},"coords":{"x":1393,"y":1258,"w":179,"h":206}},{"type":"object","tile":{"x":0,"y":-2},"screen":{"x":157,"y":0},"coords":{"x":2070,"y":3214,"w":261,"h":260}},{"type":"object","tile":{"x":0,"y":-1},"screen":{"x":7,"y":0},"coords":{"x":1109,"y":3736,"w":493,"h":360}},{"type":"object","tile":{"x":1,"y":-6},"screen":{"x":193,"y":83},"coords":{"x":2375,"y":1310,"w":97,"h":106}},{"type":"object","tile":{"x":1,"y":-5},"screen":{"x":168,"y":70},"coords":{"x":2126,"y":1288,"w":117,"h":126}},{"type":"object","tile":{"x":1,"y":-4},"screen":{"x":131,"y":50},"coords":{"x":3541,"y":2302,"w":147,"h":157}},{"type":"object","tile":{"x":1,"y":-3},"screen":{"x":70,"y":18},"coords":{"x":1532,"y":2999,"w":199,"h":206}},{"type":"object","tile":{"x":1,"y":-2},"screen":{"x":0,"y":0},"coords":{"x":2851,"y":3214,"w":252,"h":260}},{"type":"object","tile":{"x":1,"y":-1},"screen":{"x":0,"y":0},"coords":{"x":616,"y":2872,"w":222,"h":333}},{"type":"object","tile":{"x":1,"y":0},"screen":{"x":0,"y":0},"coords":{"x":841,"y":299,"w":140,"h":360}},{"type":"object","tile":{"x":2,"y":-6},"screen":{"x":122,"y":83},"coords":{"x":2630,"y":1831,"w":108,"h":106}},{"type":"object","tile":{"x":2,"y":-5},"screen":{"x":84,"y":70},"coords":{"x":1842,"y":492,"w":131,"h":126}},{"type":"object","tile":{"x":2,"y":-4},"screen":{"x":25,"y":50},"coords":{"x":2046,"y":2302,"w":170,"h":157}},{"type":"object","tile":{"x":2,"y":-3},"screen":{"x":0,"y":18},"coords":{"x":1393,"y":629,"w":166,"h":204}},{"type":"object","tile":{"x":2,"y":-2},"screen":{"x":0,"y":0},"coords":{"x":1227,"y":618,"w":117,"h":251}},{"type":"object","tile":{"x":2,"y":-1},"screen":{"x":0,"y":0},"coords":{"x":324,"y":1746,"w":25,"h":259}}]},{"id":7,"name":"gate-4","mode":2,"type":"object","tiles":[{"type":"object","tile":{"x":-2,"y":-6},"screen":{"x":410,"y":83},"coords":{"x":2869,"y":1831,"w":107,"h":106}},{"type":"object","tile":{"x":-2,"y":-5},"screen":{"x":425,"y":70},"coords":{"x":1842,"y":363,"w":131,"h":126}},{"type":"object","tile":{"x":-2,"y":-4},"screen":{"x":445,"y":50},"coords":{"x":2219,"y":2302,"w":170,"h":157}},{"type":"object","tile":{"x":-2,"y":-3},"screen":{"x":474,"y":18},"coords":{"x":1393,"y":422,"w":166,"h":204}},{"type":"object","tile":{"x":-2,"y":-2},"screen":{"x":523,"y":0},"coords":{"x":1227,"y":1126,"w":117,"h":251}},{"type":"object","tile":{"x":-2,"y":-1},"screen":{"x":615,"y":0},"coords":{"x":311,"y":770,"w":25,"h":259}},{"type":"object","tile":{"x":-1,"y":-6},"screen":{"x":350,"y":83},"coords":{"x":2375,"y":1201,"w":96,"h":106}},{"type":"object","tile":{"x":-1,"y":-5},"screen":{"x":355,"y":70},"coords":{"x":2126,"y":1159,"w":116,"h":126}},{"type":"object","tile":{"x":-1,"y":-4},"screen":{"x":362,"y":50},"coords":{"x":3691,"y":2302,"w":146,"h":157}},{"type":"object","tile":{"x":-1,"y":-3},"screen":{"x":371,"y":18},"coords":{"x":3890,"y":3267,"w":199,"h":207}},{"type":"object","tile":{"x":-1,"y":-2},"screen":{"x":388,"y":0},"coords":{"x":2596,"y":3214,"w":252,"h":260}},{"type":"object","tile":{"x":-1,"y":-1},"screen":{"x":418,"y":0},"coords":{"x":359,"y":322,"w":222,"h":333}},{"type":"object","tile":{"x":-1,"y":0},"screen":{"x":500,"y":0},"coords":{"x":841,"y":1025,"w":140,"h":360}},{"type":"object","tile":{"x":0,"y":-6},"screen":{"x":285,"y":83},"coords":{"x":2375,"y":305,"w":90,"h":106}},{"type":"object","tile":{"x":0,"y":-5},"screen":{"x":278,"y":70},"coords":{"x":2250,"y":1449,"w":108,"h":126}},{"type":"object","tile":{"x":0,"y":-4},"screen":{"x":269,"y":50},"coords":{"x":1695,"y":202,"w":133,"h":157}},{"type":"object","tile":{"x":0,"y":-3},"screen":{"x":252,"y":18},"coords":{"x":1393,"y":1048,"w":176,"h":207}},{"type":"object","tile":{"x":0,"y":-2},"screen":{"x":222,"y":0},"coords":{"x":2334,"y":3213,"w":259,"h":261}},{"type":"object","tile":{"x":0,"y":-1},"screen":{"x":140,"y":0},"coords":{"x":612,"y":3736,"w":494,"h":360}},{"type":"object","tile":{"x":1,"y":-6},"screen":{"x":215,"y":83},"coords":{"x":2375,"y":980,"w":94,"h":106}},{"type":"object","tile":{"x":1,"y":-5},"screen":{"x":195,"y":70},"coords":{"x":2126,"y":394,"w":112,"h":126}},{"type":"object","tile":{"x":1,"y":-4},"screen":{"x":166,"y":50},"coords":{"x":1695,"y":1507,"w":138,"h":157}},{"type":"object","tile":{"x":1,"y":-3},"screen":{"x":117,"y":18},"coords":{"x":1393,"y":2337,"w":184,"h":207}},{"type":"object","tile":{"x":1,"y":-2},"screen":{"x":25,"y":0},"coords":{"x":1529,"y":3213,"w":270,"h":261}},{"type":"object","tile":{"x":1,"y":-1},"screen":{"x":0,"y":0},"coords":{"x":0,"y":2703,"w":283,"h":360}},{"type":"object","tile":{"x":1,"y":0},"screen":{"x":0,"y":0},"coords":{"x":359,"y":2751,"w":254,"h":360}},{"type":"object","tile":{"x":2,"y":-6},"screen":{"x":146,"y":83},"coords":{"x":2250,"y":720,"w":103,"h":106}},{"type":"object","tile":{"x":2,"y":-5},"screen":{"x":112,"y":70},"coords":{"x":1842,"y":102,"w":126,"h":126}},{"type":"object","tile":{"x":2,"y":-4},"screen":{"x":63,"y":50},"coords":{"x":2733,"y":2302,"w":159,"h":157}},{"type":"object","tile":{"x":2,"y":-3},"screen":{"x":0,"y":18},"coords":{"x":1330,"y":2998,"w":199,"h":207}},{"type":"object","tile":{"x":2,"y":-2},"screen":{"x":0,"y":0},"coords":{"x":3562,"y":3213,"w":162,"h":261}},{"type":"object","tile":{"x":2,"y":-1},"screen":{"x":0,"y":0},"coords":{"x":984,"y":1489,"w":92,"h":259}}]},{"id":8,"name":"boundarywalls","mode":2,"type":"object","tiles":[{"type":"object","tile":{"x":-4,"y":-6},"screen":{"x":530,"y":83},"coords":{"x":3830,"y":1832,"w":104,"h":105}},{"type":"object","tile":{"x":-4,"y":-5},"screen":{"x":564,"y":70},"coords":{"x":2375,"y":51,"w":76,"h":124}},{"type":"object","tile":{"x":-4,"y":-4},"screen":{"x":611,"y":61},"coords":{"x":584,"y":1190,"w":29,"h":137}},{"type":"object","tile":{"x":-3,"y":-6},"screen":{"x":470,"y":83},"coords":{"x":2375,"y":632,"w":94,"h":105}},{"type":"object","tile":{"x":-3,"y":-5},"screen":{"x":494,"y":70},"coords":{"x":2126,"y":905,"w":117,"h":124}},{"type":"object","tile":{"x":-3,"y":-4},"screen":{"x":528,"y":50},"coords":{"x":1580,"y":983,"w":112,"h":154}},{"type":"object","tile":{"x":-3,"y":-3},"screen":{"x":577,"y":25},"coords":{"x":286,"y":2871,"w":63,"h":192}},{"type":"object","tile":{"x":-2,"y":-6},"screen":{"x":410,"y":83},"coords":{"x":272,"y":1038,"w":84,"h":105}},{"type":"object","tile":{"x":-2,"y":-5},"screen":{"x":425,"y":70},"coords":{"x":3991,"y":2335,"w":103,"h":124}},{"type":"object","tile":{"x":-2,"y":-4},"screen":{"x":445,"y":50},"coords":{"x":1842,"y":2020,"w":132,"h":154}},{"type":"object","tile":{"x":-2,"y":-3},"screen":{"x":474,"y":18},"coords":{"x":3125,"y":2547,"w":166,"h":202}},{"type":"object","tile":{"x":-2,"y":-2},"screen":{"x":523,"y":0},"coords":{"x":1227,"y":364,"w":117,"h":251}},{"type":"object","tile":{"x":-2,"y":-1},"screen":{"x":615,"y":0},"coords":{"x":310,"y":434,"w":25,"h":259}},{"type":"object","tile":{"x":-1,"y":-6},"screen":{"x":350,"y":83},"coords":{"x":1907,"y":2937,"w":75,"h":105}},{"type":"object","tile":{"x":-1,"y":-5},"screen":{"x":355,"y":70},"coords":{"x":2250,"y":1064,"w":90,"h":124}},{"type":"object","tile":{"x":-1,"y":-4},"screen":{"x":362,"y":50},"coords":{"x":1580,"y":1140,"w":112,"h":154}},{"type":"object","tile":{"x":-1,"y":-3},"screen":{"x":371,"y":18},"coords":{"x":1227,"y":1585,"w":152,"h":202}},{"type":"object","tile":{"x":-1,"y":-2},"screen":{"x":388,"y":0},"coords":{"x":2788,"y":3482,"w":227,"h":251}},{"type":"object","tile":{"x":-1,"y":-1},"screen":{"x":418,"y":0},"coords":{"x":359,"y":658,"w":222,"h":333}},{"type":"object","tile":{"x":-1,"y":0},"screen":{"x":500,"y":0},"coords":{"x":841,"y":1388,"w":140,"h":360}},{"type":"object","tile":{"x":0,"y":-6},"screen":{"x":285,"y":83},"coords":{"x":286,"y":2763,"w":70,"h":105}},{"type":"object","tile":{"x":0,"y":-5},"screen":{"x":278,"y":70},"coords":{"x":4010,"y":2625,"w":84,"h":124}},{"type":"object","tile":{"x":0,"y":-4},"screen":{"x":269,"y":50},"coords":{"x":1580,"y":340,"w":102,"h":154}},{"type":"object","tile":{"x":0,"y":-3},"screen":{"x":252,"y":18},"coords":{"x":1084,"y":27,"w":136,"h":202}},{"type":"object","tile":{"x":0,"y":-2},"screen":{"x":222,"y":0},"coords":{"x":3252,"y":3482,"w":196,"h":251}},{"type":"object","tile":{"x":0,"y":-1},"screen":{"x":140,"y":0},"coords":{"x":2380,"y":3763,"w":360,"h":333}},{"type":"object","tile":{"x":1,"y":-6},"screen":{"x":215,"y":83},"coords":{"x":281,"y":2068,"w":75,"h":105}},{"type":"object","tile":{"x":1,"y":-5},"screen":{"x":195,"y":70},"coords":{"x":2250,"y":937,"w":90,"h":124}},{"type":"object","tile":{"x":1,"y":-4},"screen":{"x":166,"y":50},"coords":{"x":1580,"y":1454,"w":112,"h":154}},{"type":"object","tile":{"x":1,"y":-3},"screen":{"x":117,"y":18},"coords":{"x":1227,"y":1380,"w":152,"h":202}},{"type":"object","tile":{"x":1,"y":-2},"screen":{"x":25,"y":0},"coords":{"x":2558,"y":3482,"w":227,"h":251}},{"type":"object","tile":{"x":1,"y":-1},"screen":{"x":0,"y":0},"coords":{"x":359,"y":994,"w":222,"h":333}},{"type":"object","tile":{"x":1,"y":0},"screen":{"x":0,"y":0},"coords":{"x":1084,"y":2568,"w":140,"h":360}},{"type":"object","tile":{"x":2,"y":-6},"screen":{"x":146,"y":83},"coords":{"x":2478,"y":1436,"w":84,"h":105}},{"type":"object","tile":{"x":2,"y":-5},"screen":{"x":112,"y":70},"coords":{"x":2250,"y":1322,"w":103,"h":124}},{"type":"object","tile":{"x":2,"y":-4},"screen":{"x":63,"y":50},"coords":{"x":1695,"y":45,"w":132,"h":154}},{"type":"object","tile":{"x":2,"y":-3},"screen":{"x":0,"y":18},"coords":{"x":3294,"y":2547,"w":166,"h":202}},{"type":"object","tile":{"x":2,"y":-2},"screen":{"x":0,"y":0},"coords":{"x":1227,"y":872,"w":117,"h":251}},{"type":"object","tile":{"x":2,"y":-1},"screen":{"x":0,"y":0},"coords":{"x":283,"y":770,"w":25,"h":259}},{"type":"object","tile":{"x":3,"y":-6},"screen":{"x":76,"y":83},"coords":{"x":2375,"y":740,"w":94,"h":105}},{"type":"object","tile":{"x":3,"y":-5},"screen":{"x":29,"y":70},"coords":{"x":2126,"y":1032,"w":117,"h":124}},{"type":"object","tile":{"x":3,"y":-4},"screen":{"x":0,"y":50},"coords":{"x":1580,"y":1297,"w":112,"h":154}},{"type":"object","tile":{"x":3,"y":-3},"screen":{"x":0,"y":25},"coords":{"x":281,"y":2176,"w":63,"h":192}},{"type":"object","tile":{"x":4,"y":-6},"screen":{"x":6,"y":83},"coords":{"x":2250,"y":829,"w":104,"h":105}},{"type":"object","tile":{"x":4,"y":-5},"screen":{"x":0,"y":70},"coords":{"x":2375,"y":178,"w":76,"h":124}},{"type":"object","tile":{"x":4,"y":-4},"screen":{"x":0,"y":61},"coords":{"x":316,"y":250,"w":29,"h":137}}]},{"id":9,"name":"boss-gate-closed-1","mode":2,"type":"object","tiles":[{"type":"object","tile":{"x":-2,"y":-6},"screen":{"x":407,"y":127},"coords":{"x":1532,"y":2936,"w":91,"h":60}},{"type":"object","tile":{"x":-2,"y":-5},"screen":{"x":422,"y":123},"coords":{"x":3031,"y":2473,"w":109,"h":71}},{"type":"object","tile":{"x":-2,"y":-4},"screen":{"x":443,"y":117},"coords":{"x":3793,"y":1966,"w":135,"h":86}},{"type":"object","tile":{"x":-2,"y":-3},"screen":{"x":474,"y":106},"coords":{"x":3535,"y":2185,"w":166,"h":113}},{"type":"object","tile":{"x":-2,"y":-2},"screen":{"x":527,"y":93},"coords":{"x":1842,"y":905,"w":113,"h":153}},{"type":"object","tile":{"x":-2,"y":-1},"screen":{"x":633,"y":239},"coords":{"x":3509,"y":3791,"w":7,"h":28}},{"type":"object","tile":{"x":-1,"y":-6},"screen":{"x":344,"y":128},"coords":{"x":3537,"y":1577,"w":87,"h":59}},{"type":"object","tile":{"x":-1,"y":-5},"screen":{"x":348,"y":123},"coords":{"x":3679,"y":2473,"w":103,"h":71}},{"type":"object","tile":{"x":-1,"y":-4},"screen":{"x":354,"y":117},"coords":{"x":3700,"y":1851,"w":127,"h":86}},{"type":"object","tile":{"x":-1,"y":-3},"screen":{"x":363,"y":107},"coords":{"x":3867,"y":2186,"w":165,"h":112}},{"type":"object","tile":{"x":-1,"y":-2},"screen":{"x":378,"y":89},"coords":{"x":1613,"y":2768,"w":235,"h":160}},{"type":"object","tile":{"x":-1,"y":-1},"screen":{"x":409,"y":52},"coords":{"x":3106,"y":3210,"w":231,"h":264}},{"type":"object","tile":{"x":-1,"y":0},"screen":{"x":510,"y":54},"coords":{"x":1084,"y":859,"w":130,"h":306}},{"type":"object","tile":{"x":0,"y":-6},"screen":{"x":278,"y":127},"coords":{"x":3272,"y":1576,"w":86,"h":60}},{"type":"object","tile":{"x":0,"y":-5},"screen":{"x":271,"y":123},"coords":{"x":3253,"y":1749,"w":101,"h":71}},{"type":"object","tile":{"x":0,"y":-4},"screen":{"x":259,"y":117},"coords":{"x":2634,"y":1734,"w":125,"h":86}},{"type":"object","tile":{"x":0,"y":-3},"screen":{"x":241,"y":107},"coords":{"x":2953,"y":2062,"w":161,"h":112}},{"type":"object","tile":{"x":0,"y":-2},"screen":{"x":207,"y":89},"coords":{"x":2315,"y":2768,"w":228,"h":160}},{"type":"object","tile":{"x":0,"y":-1},"screen":{"x":110,"y":52},"coords":{"x":3110,"y":3822,"w":406,"h":274}},{"type":"object","tile":{"x":1,"y":-6},"screen":{"x":210,"y":128},"coords":{"x":3447,"y":1577,"w":87,"h":59}},{"type":"object","tile":{"x":1,"y":-5},"screen":{"x":190,"y":123},"coords":{"x":3993,"y":2473,"w":102,"h":71}},{"type":"object","tile":{"x":1,"y":-4},"screen":{"x":158,"y":117},"coords":{"x":3569,"y":1851,"w":128,"h":86}},{"type":"object","tile":{"x":1,"y":-3},"screen":{"x":107,"y":107},"coords":{"x":2706,"y":2186,"w":170,"h":112}},{"type":"object","tile":{"x":1,"y":-2},"screen":{"x":7,"y":89},"coords":{"x":1734,"y":3045,"w":254,"h":160}},{"type":"object","tile":{"x":1,"y":-1},"screen":{"x":0,"y":52},"coords":{"x":841,"y":1751,"w":231,"h":274}},{"type":"object","tile":{"x":1,"y":0},"screen":{"x":0,"y":52},"coords":{"x":1084,"y":1531,"w":139,"h":308}},{"type":"object","tile":{"x":2,"y":-6},"screen":{"x":141,"y":127},"coords":{"x":1330,"y":2935,"w":92,"h":60}},{"type":"object","tile":{"x":2,"y":-5},"screen":{"x":107,"y":123},"coords":{"x":2699,"y":2473,"w":111,"h":71}},{"type":"object","tile":{"x":2,"y":-4},"screen":{"x":54,"y":117},"coords":{"x":1227,"y":18,"w":144,"h":86}},{"type":"object","tile":{"x":2,"y":-3},"screen":{"x":0,"y":106},"coords":{"x":3204,"y":2185,"w":167,"h":113}},{"type":"object","tile":{"x":2,"y":-2},"screen":{"x":0,"y":89},"coords":{"x":1842,"y":1375,"w":115,"h":160}},{"type":"object","tile":{"x":2,"y":-1},"screen":{"x":0,"y":240},"coords":{"x":1941,"y":3736,"w":13,"h":24}}]},{"id":10,"name":"boss-gate-closed-2","mode":2,"type":"object","tiles":[{"type":"object","tile":{"x":-2,"y":-6},"screen":{"x":404,"y":127},"coords":{"x":2195,"y":2936,"w":90,"h":60}},{"type":"object","tile":{"x":-2,"y":-5},"screen":{"x":418,"y":123},"coords":{"x":3254,"y":2473,"w":107,"h":71}},{"type":"object","tile":{"x":-2,"y":-4},"screen":{"x":438,"y":117},"coords":{"x":3931,"y":1965,"w":133,"h":87}},{"type":"object","tile":{"x":-2,"y":-3},"screen":{"x":467,"y":106},"coords":{"x":2368,"y":2185,"w":173,"h":113}},{"type":"object","tile":{"x":-2,"y":-2},"screen":{"x":517,"y":89},"coords":{"x":1842,"y":1538,"w":123,"h":160}},{"type":"object","tile":{"x":-2,"y":-1},"screen":{"x":617,"y":230},"coords":{"x":286,"y":2725,"w":23,"h":35}},{"type":"object","tile":{"x":-1,"y":-6},"screen":{"x":342,"y":128},"coords":{"x":3982,"y":1577,"w":85,"h":59}},{"type":"object","tile":{"x":-1,"y":-5},"screen":{"x":345,"y":123},"coords":{"x":3888,"y":2473,"w":102,"h":71}},{"type":"object","tile":{"x":-1,"y":-4},"screen":{"x":350,"y":117},"coords":{"x":2375,"y":1733,"w":125,"h":87}},{"type":"object","tile":{"x":-1,"y":-3},"screen":{"x":358,"y":107},"coords":{"x":2789,"y":2062,"w":161,"h":112}},{"type":"object","tile":{"x":-1,"y":-2},"screen":{"x":371,"y":89},"coords":{"x":2084,"y":2768,"w":228,"h":160}},{"type":"object","tile":{"x":-1,"y":-1},"screen":{"x":397,"y":52},"coords":{"x":1084,"y":2931,"w":243,"h":274}},{"type":"object","tile":{"x":-1,"y":0},"screen":{"x":477,"y":52},"coords":{"x":1227,"y":2620,"w":163,"h":308}},{"type":"object","tile":{"x":0,"y":-6},"screen":{"x":279,"y":127},"coords":{"x":2478,"y":1184,"w":82,"h":60}},{"type":"object","tile":{"x":0,"y":-5},"screen":{"x":273,"y":123},"coords":{"x":3972,"y":1749,"w":95,"h":71}},{"type":"object","tile":{"x":0,"y":-4},"screen":{"x":262,"y":117},"coords":{"x":2250,"y":1,"w":117,"h":87}},{"type":"object","tile":{"x":0,"y":-3},"screen":{"x":245,"y":107},"coords":{"x":2126,"y":1940,"w":150,"h":112}},{"type":"object","tile":{"x":0,"y":-2},"screen":{"x":214,"y":89},"coords":{"x":2706,"y":2589,"w":211,"h":160}},{"type":"object","tile":{"x":0,"y":-1},"screen":{"x":140,"y":52},"coords":{"x":0,"y":1395,"w":356,"h":274}},{"type":"object","tile":{"x":1,"y":-6},"screen":{"x":213,"y":128},"coords":{"x":2478,"y":1247,"w":84,"h":59}},{"type":"object","tile":{"x":1,"y":-5},"screen":{"x":193,"y":123},"coords":{"x":3565,"y":1749,"w":100,"h":71}},{"type":"object","tile":{"x":1,"y":-4},"screen":{"x":164,"y":117},"coords":{"x":2762,"y":1733,"w":123,"h":87}},{"type":"object","tile":{"x":1,"y":-3},"screen":{"x":119,"y":107},"coords":{"x":3444,"y":2062,"w":160,"h":112}},{"type":"object","tile":{"x":1,"y":-2},"screen":{"x":35,"y":89},"coords":{"x":1851,"y":2768,"w":230,"h":160}},{"type":"object","tile":{"x":1,"y":-1},"screen":{"x":0,"y":52},"coords":{"x":841,"y":2028,"w":240,"h":274}},{"type":"object","tile":{"x":1,"y":0},"screen":{"x":0,"y":54},"coords":{"x":616,"y":335,"w":168,"h":306}},{"type":"object","tile":{"x":2,"y":-6},"screen":{"x":146,"y":127},"coords":{"x":2288,"y":2936,"w":89,"h":60}},{"type":"object","tile":{"x":2,"y":-5},"screen":{"x":113,"y":123},"coords":{"x":3143,"y":2473,"w":108,"h":71}},{"type":"object","tile":{"x":2,"y":-4},"screen":{"x":67,"y":117},"coords":{"x":3655,"y":1965,"w":135,"h":87}},{"type":"object","tile":{"x":2,"y":-3},"screen":{"x":0,"y":106},"coords":{"x":2192,"y":2185,"w":173,"h":113}},{"type":"object","tile":{"x":2,"y":-2},"screen":{"x":0,"y":93},"coords":{"x":1842,"y":1701,"w":128,"h":155}},{"type":"object","tile":{"x":2,"y":-1},"screen":{"x":0,"y":146},"coords":{"x":783,"y":1528,"w":43,"h":121}}]},{"id":11,"name":"boss-gate-closed-3","mode":2,"type":"object","tiles":[{"type":"object","tile":{"x":-2,"y":-6},"screen":{"x":414,"y":128},"coords":{"x":3714,"y":1576,"w":85,"h":60}},{"type":"object","tile":{"x":-2,"y":-5},"screen":{"x":429,"y":123},"coords":{"x":3364,"y":2472,"w":105,"h":72}},{"type":"object","tile":{"x":-2,"y":-4},"screen":{"x":450,"y":116},"coords":{"x":3038,"y":1963,"w":136,"h":89}},{"type":"object","tile":{"x":-2,"y":-3},"screen":{"x":482,"y":107},"coords":{"x":2458,"y":2059,"w":158,"h":115}},{"type":"object","tile":{"x":-2,"y":-2},"screen":{"x":534,"y":90},"coords":{"x":1580,"y":658,"w":106,"h":160}},{"type":"object","tile":{"x":-2,"y":-1},"screen":{"x":633,"y":239},"coords":{"x":3497,"y":3741,"w":7,"h":16}},{"type":"object","tile":{"x":-1,"y":-6},"screen":{"x":353,"y":127},"coords":{"x":2478,"y":926,"w":76,"h":61}},{"type":"object","tile":{"x":-1,"y":-5},"screen":{"x":359,"y":123},"coords":{"x":3898,"y":1658,"w":91,"h":72}},{"type":"object","tile":{"x":-1,"y":-4},"screen":{"x":366,"y":117},"coords":{"x":2856,"y":1642,"w":115,"h":88}},{"type":"object","tile":{"x":-1,"y":-3},"screen":{"x":377,"y":106},"coords":{"x":3117,"y":2058,"w":155,"h":116}},{"type":"object","tile":{"x":-1,"y":-2},"screen":{"x":395,"y":89},"coords":{"x":2758,"y":3038,"w":237,"h":167}},{"type":"object","tile":{"x":-1,"y":-1},"screen":{"x":431,"y":53},"coords":{"x":616,"y":1951,"w":209,"h":296}},{"type":"object","tile":{"x":-1,"y":0},"screen":{"x":531,"y":105},"coords":{"x":1580,"y":1956,"w":109,"h":246}},{"type":"object","tile":{"x":0,"y":-6},"screen":{"x":288,"y":129},"coords":{"x":767,"y":817,"w":71,"h":59}},{"type":"object","tile":{"x":0,"y":-5},"screen":{"x":282,"y":124},"coords":{"x":2851,"y":1565,"w":84,"h":71}},{"type":"object","tile":{"x":0,"y":-4},"screen":{"x":273,"y":118},"coords":{"x":3146,"y":1733,"w":104,"h":87}},{"type":"object","tile":{"x":0,"y":-3},"screen":{"x":259,"y":108},"coords":{"x":2250,"y":1823,"w":136,"h":114}},{"type":"object","tile":{"x":0,"y":-2},"screen":{"x":232,"y":91},"coords":{"x":3634,"y":2584,"w":199,"h":165}},{"type":"object","tile":{"x":0,"y":-1},"screen":{"x":164,"y":53},"coords":{"x":3519,"y":3798,"w":364,"h":298}},{"type":"object","tile":{"x":1,"y":-6},"screen":{"x":219,"y":127},"coords":{"x":767,"y":879,"w":70,"h":61}},{"type":"object","tile":{"x":1,"y":-5},"screen":{"x":200,"y":123},"coords":{"x":3503,"y":2932,"w":83,"h":72}},{"type":"object","tile":{"x":1,"y":-4},"screen":{"x":172,"y":117},"coords":{"x":3404,"y":1642,"w":102,"h":88}},{"type":"object","tile":{"x":1,"y":-3},"screen":{"x":127,"y":106},"coords":{"x":1977,"y":174,"w":135,"h":116}},{"type":"object","tile":{"x":1,"y":-2},"screen":{"x":42,"y":89},"coords":{"x":2920,"y":2582,"w":202,"h":167}},{"type":"object","tile":{"x":1,"y":-1},"screen":{"x":0,"y":53},"coords":{"x":616,"y":1652,"w":208,"h":296}},{"type":"object","tile":{"x":1,"y":0},"screen":{"x":0,"y":105},"coords":{"x":1227,"y":107,"w":112,"h":254}},{"type":"object","tile":{"x":2,"y":-6},"screen":{"x":151,"y":128},"coords":{"x":2478,"y":671,"w":75,"h":60}},{"type":"object","tile":{"x":2,"y":-5},"screen":{"x":118,"y":123},"coords":{"x":3803,"y":1658,"w":92,"h":72}},{"type":"object","tile":{"x":2,"y":-4},"screen":{"x":71,"y":116},"coords":{"x":2617,"y":1641,"w":118,"h":89}},{"type":"object","tile":{"x":2,"y":-3},"screen":{"x":0,"y":107},"coords":{"x":2297,"y":2059,"w":158,"h":115}},{"type":"object","tile":{"x":2,"y":-2},"screen":{"x":0,"y":90},"coords":{"x":1580,"y":821,"w":107,"h":159}},{"type":"object","tile":{"x":2,"y":-1},"screen":{"x":0,"y":227},"coords":{"x":3497,"y":3791,"w":9,"h":28}}]},{"id":12,"name":"boss-gate-closed-4","mode":2,"type":"object","tiles":[{"type":"object","tile":{"x":-2,"y":-6},"screen":{"x":406,"y":128},"coords":{"x":2478,"y":1309,"w":83,"h":60}},{"type":"object","tile":{"x":-2,"y":-5},"screen":{"x":422,"y":123},"coords":{"x":3357,"y":1748,"w":99,"h":72}},{"type":"object","tile":{"x":-2,"y":-4},"screen":{"x":439,"y":116},"coords":{"x":2498,"y":1848,"w":129,"h":89}},{"type":"object","tile":{"x":-2,"y":-3},"screen":{"x":468,"y":106},"coords":{"x":2017,"y":2182,"w":172,"h":116}},{"type":"object","tile":{"x":-2,"y":-2},"screen":{"x":513,"y":92},"coords":{"x":1842,"y":1859,"w":127,"h":158}},{"type":"object","tile":{"x":-2,"y":-1},"screen":{"x":598,"y":162},"coords":{"x":783,"y":1314,"w":42,"h":85}},{"type":"object","tile":{"x":-1,"y":-6},"screen":{"x":346,"y":127},"coords":{"x":2478,"y":734,"w":74,"h":61}},{"type":"object","tile":{"x":-1,"y":-5},"screen":{"x":352,"y":123},"coords":{"x":2591,"y":1564,"w":87,"h":72}},{"type":"object","tile":{"x":-1,"y":-4},"screen":{"x":357,"y":117},"coords":{"x":2974,"y":1642,"w":110,"h":88}},{"type":"object","tile":{"x":-1,"y":-3},"screen":{"x":367,"y":106},"coords":{"x":1977,"y":1035,"w":145,"h":116}},{"type":"object","tile":{"x":-1,"y":-2},"screen":{"x":379,"y":88},"coords":{"x":2546,"y":2760,"w":217,"h":168}},{"type":"object","tile":{"x":-1,"y":-1},"screen":{"x":405,"y":49},"coords":{"x":841,"y":2594,"w":235,"h":304}},{"type":"object","tile":{"x":-1,"y":0},"screen":{"x":473,"y":138},"coords":{"x":1393,"y":1692,"w":167,"h":222}},{"type":"object","tile":{"x":0,"y":-6},"screen":{"x":287,"y":128},"coords":{"x":2478,"y":608,"w":64,"h":60}},{"type":"object","tile":{"x":0,"y":-5},"screen":{"x":282,"y":124},"coords":{"x":3100,"y":1565,"w":75,"h":71}},{"type":"object","tile":{"x":0,"y":-4},"screen":{"x":274,"y":117},"coords":{"x":984,"y":1035,"w":92,"h":88}},{"type":"object","tile":{"x":0,"y":-3},"screen":{"x":261,"y":107},"coords":{"x":2250,"y":1578,"w":119,"h":115}},{"type":"object","tile":{"x":0,"y":-2},"screen":{"x":235,"y":89},"coords":{"x":1393,"y":91,"w":171,"h":167}},{"type":"object","tile":{"x":0,"y":-1},"screen":{"x":167,"y":50},"coords":{"x":0,"y":390,"w":307,"h":303}},{"type":"object","tile":{"x":1,"y":-6},"screen":{"x":220,"y":127},"coords":{"x":767,"y":688,"w":67,"h":61}},{"type":"object","tile":{"x":1,"y":-5},"screen":{"x":201,"y":123},"coords":{"x":2938,"y":1564,"w":81,"h":72}},{"type":"object","tile":{"x":1,"y":-4},"screen":{"x":173,"y":117},"coords":{"x":3509,"y":1642,"w":102,"h":88}},{"type":"object","tile":{"x":1,"y":-3},"screen":{"x":128,"y":106},"coords":{"x":1977,"y":547,"w":136,"h":116}},{"type":"object","tile":{"x":1,"y":-2},"screen":{"x":41,"y":88},"coords":{"x":2499,"y":2581,"w":204,"h":168}},{"type":"object","tile":{"x":1,"y":-1},"screen":{"x":0,"y":49},"coords":{"x":616,"y":2250,"w":210,"h":296}},{"type":"object","tile":{"x":1,"y":0},"screen":{"x":0,"y":282},"coords":{"x":2584,"y":2468,"w":112,"h":76}},{"type":"object","tile":{"x":2,"y":-6},"screen":{"x":151,"y":128},"coords":{"x":2478,"y":798,"w":76,"h":60}},{"type":"object","tile":{"x":2,"y":-5},"screen":{"x":119,"y":123},"coords":{"x":3708,"y":1658,"w":92,"h":72}},{"type":"object","tile":{"x":2,"y":-4},"screen":{"x":71,"y":116},"coords":{"x":2495,"y":1641,"w":119,"h":89}},{"type":"object","tile":{"x":2,"y":-3},"screen":{"x":0,"y":106},"coords":{"x":2135,"y":2058,"w":159,"h":116}},{"type":"object","tile":{"x":2,"y":-2},"screen":{"x":0,"y":92},"coords":{"x":1580,"y":497,"w":107,"h":158}},{"type":"object","tile":{"x":2,"y":-1},"screen":{"x":0,"y":237},"coords":{"x":1973,"y":3742,"w":8,"h":18}}]},{"id":13,"name":"boss-gate-open-1","mode":2,"type":"object","tiles":[{"type":"object","tile":{"x":-2,"y":-6},"screen":{"x":407,"y":129},"coords":{"x":3178,"y":1578,"w":91,"h":58}},{"type":"object","tile":{"x":-2,"y":-5},"screen":{"x":422,"y":125},"coords":{"x":2558,"y":2931,"w":109,"h":69}},{"type":"object","tile":{"x":-2,"y":-4},"screen":{"x":443,"y":119},"coords":{"x":2979,"y":1853,"w":135,"h":84}},{"type":"object","tile":{"x":-2,"y":-3},"screen":{"x":474,"y":111},"coords":{"x":3275,"y":2066,"w":166,"h":108}},{"type":"object","tile":{"x":-2,"y":-2},"screen":{"x":527,"y":98},"coords":{"x":1842,"y":754,"w":113,"h":148}},{"type":"object","tile":{"x":-2,"y":-1},"screen":{"x":633,"y":239},"coords":{"x":3497,"y":3760,"w":7,"h":28}},{"type":"object","tile":{"x":-1,"y":-6},"screen":{"x":344,"y":129},"coords":{"x":3892,"y":1578,"w":87,"h":58}},{"type":"object","tile":{"x":-1,"y":-5},"screen":{"x":348,"y":125},"coords":{"x":3459,"y":1751,"w":103,"h":69}},{"type":"object","tile":{"x":-1,"y":-4},"screen":{"x":354,"y":119},"coords":{"x":2888,"y":1736,"w":127,"h":84}},{"type":"object","tile":{"x":-1,"y":-3},"screen":{"x":363,"y":111},"coords":{"x":3607,"y":2066,"w":165,"h":108}},{"type":"object","tile":{"x":-1,"y":-2},"screen":{"x":378,"y":98},"coords":{"x":3187,"y":2777,"w":235,"h":151}},{"type":"object","tile":{"x":-1,"y":-1},"screen":{"x":409,"y":71},"coords":{"x":3018,"y":3488,"w":231,"h":245}},{"type":"object","tile":{"x":-1,"y":0},"screen":{"x":510,"y":0},"coords":{"x":1084,"y":1842,"w":130,"h":360}},{"type":"object","tile":{"x":0,"y":-6},"screen":{"x":278,"y":129},"coords":{"x":2565,"y":1483,"w":86,"h":58}},{"type":"object","tile":{"x":0,"y":-5},"screen":{"x":271,"y":125},"coords":{"x":3773,"y":1751,"w":101,"h":69}},{"type":"object","tile":{"x":0,"y":-4},"screen":{"x":259,"y":119},"coords":{"x":3018,"y":1736,"w":125,"h":84}},{"type":"object","tile":{"x":0,"y":-3},"screen":{"x":241,"y":111},"coords":{"x":3928,"y":2066,"w":161,"h":108}},{"type":"object","tile":{"x":0,"y":-2},"screen":{"x":207,"y":97},"coords":{"x":3832,"y":2776,"w":228,"h":152}},{"type":"object","tile":{"x":0,"y":-1},"screen":{"x":110,"y":70},"coords":{"x":359,"y":3477,"w":406,"h":256}},{"type":"object","tile":{"x":1,"y":-6},"screen":{"x":210,"y":129},"coords":{"x":3802,"y":1578,"w":87,"h":58}},{"type":"object","tile":{"x":1,"y":-5},"screen":{"x":190,"y":125},"coords":{"x":3668,"y":1751,"w":102,"h":69}},{"type":"object","tile":{"x":1,"y":-4},"screen":{"x":158,"y":119},"coords":{"x":2503,"y":1736,"w":128,"h":84}},{"type":"object","tile":{"x":1,"y":-3},"screen":{"x":107,"y":111},"coords":{"x":1734,"y":2934,"w":170,"h":108}},{"type":"object","tile":{"x":1,"y":-2},"screen":{"x":7,"y":97},"coords":{"x":3823,"y":3053,"w":254,"h":152}},{"type":"object","tile":{"x":1,"y":-1},"screen":{"x":0,"y":70},"coords":{"x":2092,"y":3477,"w":231,"h":256}},{"type":"object","tile":{"x":1,"y":0},"screen":{"x":0,"y":0},"coords":{"x":1084,"y":2205,"w":139,"h":360}},{"type":"object","tile":{"x":2,"y":-6},"screen":{"x":141,"y":129},"coords":{"x":3747,"y":3737,"w":92,"h":58}},{"type":"object","tile":{"x":2,"y":-5},"screen":{"x":107,"y":125},"coords":{"x":1991,"y":2931,"w":111,"h":69}},{"type":"object","tile":{"x":2,"y":-4},"screen":{"x":54,"y":119},"coords":{"x":1393,"y":4,"w":144,"h":84}},{"type":"object","tile":{"x":2,"y":-3},"screen":{"x":0,"y":111},"coords":{"x":2619,"y":2066,"w":167,"h":108}},{"type":"object","tile":{"x":2,"y":-2},"screen":{"x":0,"y":98},"coords":{"x":1842,"y":1061,"w":115,"h":151}},{"type":"object","tile":{"x":2,"y":-1},"screen":{"x":0,"y":240},"coords":{"x":1957,"y":3736,"w":13,"h":24}}]},{"id":14,"name":"boss-gate-open-2","mode":2,"type":"object","tiles":[{"type":"object","tile":{"x":-2,"y":-6},"screen":{"x":404,"y":126},"coords":{"x":1425,"y":2934,"w":90,"h":61}},{"type":"object","tile":{"x":-2,"y":-5},"screen":{"x":418,"y":121},"coords":{"x":2813,"y":2471,"w":107,"h":73}},{"type":"object","tile":{"x":-2,"y":-4},"screen":{"x":438,"y":114},"coords":{"x":3177,"y":1962,"w":133,"h":90}},{"type":"object","tile":{"x":-2,"y":-3},"screen":{"x":467,"y":101},"coords":{"x":841,"y":0,"w":173,"h":118}},{"type":"object","tile":{"x":-2,"y":-2},"screen":{"x":517,"y":79},"coords":{"x":1695,"y":362,"w":123,"h":170}},{"type":"object","tile":{"x":-2,"y":-1},"screen":{"x":617,"y":230},"coords":{"x":3842,"y":3760,"w":23,"h":35}},{"type":"object","tile":{"x":-1,"y":-6},"screen":{"x":342,"y":126},"coords":{"x":2670,"y":2939,"w":85,"h":61}},{"type":"object","tile":{"x":-1,"y":-5},"screen":{"x":345,"y":121},"coords":{"x":3472,"y":2471,"w":102,"h":73}},{"type":"object","tile":{"x":-1,"y":-4},"screen":{"x":350,"y":113},"coords":{"x":2741,"y":1846,"w":125,"h":91}},{"type":"object","tile":{"x":-1,"y":-3},"screen":{"x":358,"y":101},"coords":{"x":2879,"y":2180,"w":161,"h":118}},{"type":"object","tile":{"x":-1,"y":-2},"screen":{"x":371,"y":78},"coords":{"x":3592,"y":3034,"w":228,"h":171}},{"type":"object","tile":{"x":-1,"y":-1},"screen":{"x":397,"y":22},"coords":{"x":359,"y":15,"w":243,"h":304}},{"type":"object","tile":{"x":-1,"y":0},"screen":{"x":477,"y":52},"coords":{"x":1227,"y":2309,"w":163,"h":308}},{"type":"object","tile":{"x":0,"y":-6},"screen":{"x":279,"y":126},"coords":{"x":2478,"y":1372,"w":82,"h":61}},{"type":"object","tile":{"x":0,"y":-5},"screen":{"x":273,"y":121},"coords":{"x":984,"y":686,"w":95,"h":73}},{"type":"object","tile":{"x":0,"y":-4},"screen":{"x":262,"y":113},"coords":{"x":2375,"y":1639,"w":117,"h":91}},{"type":"object","tile":{"x":0,"y":-3},"screen":{"x":245,"y":101},"coords":{"x":3775,"y":2056,"w":150,"h":118}},{"type":"object","tile":{"x":0,"y":-2},"screen":{"x":214,"y":79},"coords":{"x":2973,"y":2758,"w":211,"h":170}},{"type":"object","tile":{"x":0,"y":-1},"screen":{"x":140,"y":22},"coords":{"x":0,"y":3429,"w":356,"h":304}},{"type":"object","tile":{"x":1,"y":-6},"screen":{"x":213,"y":126},"coords":{"x":3627,"y":1575,"w":84,"h":61}},{"type":"object","tile":{"x":1,"y":-5},"screen":{"x":193,"y":121},"coords":{"x":3785,"y":2471,"w":100,"h":73}},{"type":"object","tile":{"x":1,"y":-4},"screen":{"x":164,"y":113},"coords":{"x":3335,"y":1846,"w":123,"h":91}},{"type":"object","tile":{"x":1,"y":-3},"screen":{"x":119,"y":102},"coords":{"x":3704,"y":2181,"w":160,"h":117}},{"type":"object","tile":{"x":1,"y":-2},"screen":{"x":35,"y":79},"coords":{"x":3159,"y":3035,"w":230,"h":170}},{"type":"object","tile":{"x":1,"y":-1},"screen":{"x":0,"y":22},"coords":{"x":841,"y":2901,"w":240,"h":304}},{"type":"object","tile":{"x":1,"y":0},"screen":{"x":0,"y":54},"coords":{"x":616,"y":26,"w":168,"h":306}},{"type":"object","tile":{"x":2,"y":-6},"screen":{"x":146,"y":126},"coords":{"x":1626,"y":2935,"w":89,"h":61}},{"type":"object","tile":{"x":2,"y":-5},"screen":{"x":113,"y":121},"coords":{"x":3392,"y":2931,"w":108,"h":73}},{"type":"object","tile":{"x":2,"y":-4},"screen":{"x":67,"y":113},"coords":{"x":2782,"y":1961,"w":135,"h":91}},{"type":"object","tile":{"x":2,"y":-3},"screen":{"x":0,"y":101},"coords":{"x":3823,"y":2932,"w":173,"h":118}},{"type":"object","tile":{"x":2,"y":-2},"screen":{"x":0,"y":79},"coords":{"x":1695,"y":1335,"w":128,"h":169}},{"type":"object","tile":{"x":2,"y":-1},"screen":{"x":0,"y":146},"coords":{"x":288,"y":4,"w":43,"h":121}}]},{"id":15,"name":"boss-gate-open-3","mode":2,"type":"object","tiles":[{"type":"object","tile":{"x":-2,"y":-6},"screen":{"x":414,"y":127},"coords":{"x":2105,"y":2939,"w":85,"h":61}},{"type":"object","tile":{"x":-2,"y":-5},"screen":{"x":429,"y":121},"coords":{"x":2923,"y":2470,"w":105,"h":74}},{"type":"object","tile":{"x":-2,"y":-4},"screen":{"x":450,"y":114},"coords":{"x":2643,"y":1961,"w":136,"h":91}},{"type":"object","tile":{"x":-2,"y":-3},"screen":{"x":482,"y":102},"coords":{"x":3043,"y":2178,"w":158,"h":120}},{"type":"object","tile":{"x":-2,"y":-2},"screen":{"x":534,"y":81},"coords":{"x":1580,"y":1611,"w":106,"h":169}},{"type":"object","tile":{"x":-2,"y":-1},"screen":{"x":633,"y":239},"coords":{"x":3507,"y":3741,"w":7,"h":16}},{"type":"object","tile":{"x":-1,"y":-6},"screen":{"x":353,"y":126},"coords":{"x":2478,"y":1119,"w":76,"h":62}},{"type":"object","tile":{"x":-1,"y":-5},"screen":{"x":359,"y":122},"coords":{"x":3614,"y":1657,"w":91,"h":73}},{"type":"object","tile":{"x":-1,"y":-4},"screen":{"x":366,"y":114},"coords":{"x":2738,"y":1639,"w":115,"h":91}},{"type":"object","tile":{"x":-1,"y":-3},"screen":{"x":377,"y":103},"coords":{"x":1977,"y":2055,"w":155,"h":119}},{"type":"object","tile":{"x":-1,"y":-2},"screen":{"x":395,"y":81},"coords":{"x":841,"y":121,"w":237,"h":175}},{"type":"object","tile":{"x":-1,"y":-1},"screen":{"x":431,"y":29},"coords":{"x":616,"y":2549,"w":209,"h":320}},{"type":"object","tile":{"x":-1,"y":0},"screen":{"x":531,"y":0},"coords":{"x":1084,"y":499,"w":109,"h":357}},{"type":"object","tile":{"x":0,"y":-6},"screen":{"x":288,"y":126},"coords":{"x":283,"y":705,"w":71,"h":62}},{"type":"object","tile":{"x":0,"y":-5},"screen":{"x":282,"y":121},"coords":{"x":4010,"y":2548,"w":84,"h":74}},{"type":"object","tile":{"x":0,"y":-4},"screen":{"x":273,"y":114},"coords":{"x":3087,"y":1639,"w":104,"h":91}},{"type":"object","tile":{"x":0,"y":-3},"screen":{"x":259,"y":102},"coords":{"x":1977,"y":789,"w":136,"h":120}},{"type":"object","tile":{"x":0,"y":-2},"screen":{"x":232,"y":81},"coords":{"x":3630,"y":2753,"w":199,"h":175}},{"type":"object","tile":{"x":0,"y":-1},"screen":{"x":164,"y":29},"coords":{"x":2743,"y":3774,"w":364,"h":322}},{"type":"object","tile":{"x":1,"y":-6},"screen":{"x":219,"y":127},"coords":{"x":767,"y":943,"w":70,"h":61}},{"type":"object","tile":{"x":1,"y":-5},"screen":{"x":200,"y":121},"coords":{"x":2681,"y":1562,"w":83,"h":74}},{"type":"object","tile":{"x":1,"y":-4},"screen":{"x":172,"y":114},"coords":{"x":3194,"y":1639,"w":102,"h":91}},{"type":"object","tile":{"x":1,"y":-3},"screen":{"x":127,"y":102},"coords":{"x":1977,"y":666,"w":135,"h":120}},{"type":"object","tile":{"x":1,"y":-2},"screen":{"x":42,"y":81},"coords":{"x":3425,"y":2753,"w":202,"h":175}},{"type":"object","tile":{"x":1,"y":-1},"screen":{"x":0,"y":70},"coords":{"x":616,"y":1007,"w":208,"h":279}},{"type":"object","tile":{"x":1,"y":0},"screen":{"x":0,"y":105},"coords":{"x":1580,"y":2205,"w":112,"h":254}},{"type":"object","tile":{"x":2,"y":-6},"screen":{"x":151,"y":126},"coords":{"x":2478,"y":1054,"w":75,"h":62}},{"type":"object","tile":{"x":2,"y":-5},"screen":{"x":118,"y":121},"coords":{"x":984,"y":320,"w":92,"h":74}},{"type":"object","tile":{"x":2,"y":-4},"screen":{"x":71,"y":114},"coords":{"x":2250,"y":308,"w":118,"h":91}},{"type":"object","tile":{"x":2,"y":-3},"screen":{"x":0,"y":103},"coords":{"x":3374,"y":2179,"w":158,"h":119}},{"type":"object","tile":{"x":2,"y":-2},"screen":{"x":0,"y":107},"coords":{"x":1580,"y":195,"w":107,"h":142}},{"type":"object","tile":{"x":2,"y":-1},"screen":{"x":0,"y":227},"coords":{"x":3091,"y":3743,"w":9,"h":28}}]},{"id":16,"name":"boss-gate-open-4","mode":2,"type":"object","tiles":[{"type":"object","tile":{"x":-2,"y":-6},"screen":{"x":406,"y":126},"coords":{"x":3361,"y":1574,"w":83,"h":62}},{"type":"object","tile":{"x":-2,"y":-5},"screen":{"x":422,"y":121},"coords":{"x":3577,"y":2470,"w":99,"h":74}},{"type":"object","tile":{"x":-2,"y":-4},"screen":{"x":439,"y":114},"coords":{"x":1842,"y":8,"w":129,"h":91}},{"type":"object","tile":{"x":-2,"y":-3},"screen":{"x":468,"y":101},"coords":{"x":1842,"y":2177,"w":172,"h":121}},{"type":"object","tile":{"x":-2,"y":-2},"screen":{"x":513,"y":120},"coords":{"x":1842,"y":621,"w":127,"h":130}},{"type":"object","tile":{"x":-2,"y":-1},"screen":{"x":598,"y":162},"coords":{"x":787,"y":556,"w":42,"h":85}},{"type":"object","tile":{"x":-1,"y":-6},"screen":{"x":346,"y":126},"coords":{"x":2478,"y":861,"w":74,"h":62}},{"type":"object","tile":{"x":-1,"y":-5},"screen":{"x":352,"y":121},"coords":{"x":3992,"y":1656,"w":87,"h":74}},{"type":"object","tile":{"x":-1,"y":-4},"screen":{"x":357,"y":113},"coords":{"x":2478,"y":1544,"w":110,"h":92}},{"type":"object","tile":{"x":-1,"y":-3},"screen":{"x":367,"y":102},"coords":{"x":1977,"y":1543,"w":145,"h":120}},{"type":"object","tile":{"x":-1,"y":-2},"screen":{"x":379,"y":80},"coords":{"x":1393,"y":2752,"w":217,"h":176}},{"type":"object","tile":{"x":-1,"y":-1},"screen":{"x":405,"y":67},"coords":{"x":841,"y":2305,"w":235,"h":286}},{"type":"object","tile":{"x":-1,"y":0},"screen":{"x":473,"y":138},"coords":{"x":1393,"y":1467,"w":167,"h":222}},{"type":"object","tile":{"x":0,"y":-6},"screen":{"x":287,"y":126},"coords":{"x":1017,"y":56,"w":64,"h":62}},{"type":"object","tile":{"x":0,"y":-5},"screen":{"x":282,"y":121},"coords":{"x":3022,"y":1562,"w":75,"h":74}},{"type":"object","tile":{"x":0,"y":-4},"screen":{"x":274,"y":113},"coords":{"x":984,"y":1394,"w":92,"h":92}},{"type":"object","tile":{"x":0,"y":-3},"screen":{"x":261,"y":102},"coords":{"x":2126,"y":523,"w":119,"h":120}},{"type":"object","tile":{"x":0,"y":-2},"screen":{"x":235,"y":80},"coords":{"x":3836,"y":2573,"w":171,"h":176}},{"type":"object","tile":{"x":0,"y":-1},"screen":{"x":167,"y":24},"coords":{"x":0,"y":2371,"w":307,"h":329}},{"type":"object","tile":{"x":1,"y":-6},"screen":{"x":220,"y":126},"coords":{"x":767,"y":752,"w":67,"h":62}},{"type":"object","tile":{"x":1,"y":-5},"screen":{"x":201,"y":121},"coords":{"x":2767,"y":1562,"w":81,"h":74}},{"type":"object","tile":{"x":1,"y":-4},"screen":{"x":173,"y":114},"coords":{"x":3299,"y":1639,"w":102,"h":91}},{"type":"object","tile":{"x":1,"y":-3},"screen":{"x":128,"y":102},"coords":{"x":1977,"y":912,"w":136,"h":120}},{"type":"object","tile":{"x":1,"y":-2},"screen":{"x":41,"y":80},"coords":{"x":2766,"y":2752,"w":204,"h":176}},{"type":"object","tile":{"x":1,"y":-1},"screen":{"x":0,"y":25},"coords":{"x":3886,"y":3776,"w":210,"h":320}},{"type":"object","tile":{"x":1,"y":0},"screen":{"x":0,"y":0},"coords":{"x":1084,"y":1168,"w":112,"h":360}},{"type":"object","tile":{"x":2,"y":-6},"screen":{"x":151,"y":127},"coords":{"x":2478,"y":990,"w":76,"h":61}},{"type":"object","tile":{"x":2,"y":-5},"screen":{"x":119,"y":121},"coords":{"x":3877,"y":1746,"w":92,"h":74}},{"type":"object","tile":{"x":2,"y":-4},"screen":{"x":71,"y":114},"coords":{"x":2250,"y":514,"w":119,"h":91}},{"type":"object","tile":{"x":2,"y":-3},"screen":{"x":0,"y":102},"coords":{"x":2544,"y":2178,"w":159,"h":120}},{"type":"object","tile":{"x":2,"y":-2},"screen":{"x":0,"y":80},"coords":{"x":1580,"y":1783,"w":107,"h":170}},{"type":"object","tile":{"x":2,"y":-1},"screen":{"x":0,"y":237},"coords":{"x":3507,"y":3770,"w":8,"h":18}}]}]}