{"version":"0.9.3","generated":"12.04.2022 16.26.48","resolution":{"width":640,"height":360},"depth":6,"width":4,"layers":[{"id":1,"name":"well-1","mode":2,"type":"object","tiles":[{"type":"object","tile":{"x":-4,"y":-5},"screen":{"x":587,"y":123},"coords":{"x":687,"y":934,"w":53,"h":70}},{"type":"object","tile":{"x":-3,"y":-5},"screen":{"x":515,"y":123},"coords":{"x":1218,"y":1388,"w":69,"h":70}},{"type":"object","tile":{"x":-3,"y":-4},"screen":{"x":554,"y":116},"coords":{"x":598,"y":1295,"w":86,"h":87}},{"type":"object","tile":{"x":-3,"y":-3},"screen":{"x":612,"y":118},"coords":{"x":476,"y":1262,"w":28,"h":93}},{"type":"object","tile":{"x":-2,"y":-5},"screen":{"x":443,"y":123},"coords":{"x":1446,"y":1312,"w":61,"h":70}},{"type":"object","tile":{"x":-2,"y":-4},"screen":{"x":467,"y":116},"coords":{"x":598,"y":762,"w":79,"h":87}},{"type":"object","tile":{"x":-2,"y":-3},"screen":{"x":504,"y":105},"coords":{"x":1671,"y":1661,"w":109,"h":112}},{"type":"object","tile":{"x":-2,"y":-2},"screen":{"x":565,"y":95},"coords":{"x":441,"y":474,"w":75,"h":144}},{"type":"object","tile":{"x":-1,"y":-5},"screen":{"x":371,"y":123},"coords":{"x":687,"y":642,"w":53,"h":70}},{"type":"object","tile":{"x":-1,"y":-4},"screen":{"x":381,"y":116},"coords":{"x":519,"y":884,"w":67,"h":87}},{"type":"object","tile":{"x":-1,"y":-3},"screen":{"x":396,"y":105},"coords":{"x":703,"y":1534,"w":89,"h":112}},{"type":"object","tile":{"x":-1,"y":-2},"screen":{"x":421,"y":85},"coords":{"x":213,"y":1149,"w":133,"h":159}},{"type":"object","tile":{"x":-1,"y":-1},"screen":{"x":472,"y":36},"coords":{"x":0,"y":454,"w":168,"h":273}},{"type":"object","tile":{"x":-1,"y":0},"screen":{"x":622,"y":95},"coords":{"x":384,"y":1777,"w":18,"h":23}},{"type":"object","tile":{"x":0,"y":-5},"screen":{"x":296,"y":123},"coords":{"x":687,"y":282,"w":48,"h":70}},{"type":"object","tile":{"x":0,"y":-4},"screen":{"x":291,"y":116},"coords":{"x":519,"y":449,"w":58,"h":87}},{"type":"object","tile":{"x":0,"y":-3},"screen":{"x":282,"y":105},"coords":{"x":1964,"y":1534,"w":76,"h":112}},{"type":"object","tile":{"x":0,"y":-2},"screen":{"x":266,"y":85},"coords":{"x":213,"y":57,"w":108,"h":159}},{"type":"object","tile":{"x":0,"y":-1},"screen":{"x":228,"y":36},"coords":{"x":0,"y":1281,"w":184,"h":273}},{"type":"object","tile":{"x":1,"y":-5},"screen":{"x":216,"y":123},"coords":{"x":687,"y":715,"w":53,"h":70}},{"type":"object","tile":{"x":1,"y":-4},"screen":{"x":192,"y":116},"coords":{"x":519,"y":794,"w":67,"h":87}},{"type":"object","tile":{"x":1,"y":-3},"screen":{"x":155,"y":105},"coords":{"x":519,"y":1534,"w":89,"h":112}},{"type":"object","tile":{"x":1,"y":-2},"screen":{"x":86,"y":85},"coords":{"x":213,"y":987,"w":133,"h":159}},{"type":"object","tile":{"x":1,"y":-1},"screen":{"x":0,"y":36},"coords":{"x":0,"y":730,"w":168,"h":273}},{"type":"object","tile":{"x":1,"y":0},"screen":{"x":0,"y":95},"coords":{"x":447,"y":1777,"w":18,"h":23}},{"type":"object","tile":{"x":2,"y":-5},"screen":{"x":136,"y":123},"coords":{"x":1382,"y":1312,"w":61,"h":70}},{"type":"object","tile":{"x":2,"y":-4},"screen":{"x":94,"y":116},"coords":{"x":598,"y":582,"w":79,"h":87}},{"type":"object","tile":{"x":2,"y":-3},"screen":{"x":27,"y":105},"coords":{"x":1559,"y":1661,"w":109,"h":112}},{"type":"object","tile":{"x":2,"y":-2},"screen":{"x":0,"y":95},"coords":{"x":363,"y":327,"w":75,"h":143}},{"type":"object","tile":{"x":3,"y":-5},"screen":{"x":56,"y":123},"coords":{"x":519,"y":69,"w":69,"h":70}},{"type":"object","tile":{"x":3,"y":-4},"screen":{"x":0,"y":116},"coords":{"x":598,"y":1205,"w":86,"h":87}},{"type":"object","tile":{"x":3,"y":-3},"screen":{"x":0,"y":118},"coords":{"x":324,"y":123,"w":28,"h":93}},{"type":"object","tile":{"x":4,"y":-5},"screen":{"x":0,"y":123},"coords":{"x":687,"y":1153,"w":53,"h":70}}]},{"id":2,"name":"well-2","mode":2,"type":"object","tiles":[{"type":"object","tile":{"x":-4,"y":-5},"screen":{"x":587,"y":123},"coords":{"x":687,"y":1080,"w":53,"h":70}},{"type":"object","tile":{"x":-3,"y":-5},"screen":{"x":515,"y":123},"coords":{"x":519,"y":142,"w":69,"h":70}},{"type":"object","tile":{"x":-3,"y":-4},"screen":{"x":554,"y":116},"coords":{"x":598,"y":1115,"w":86,"h":87}},{"type":"object","tile":{"x":-3,"y":-3},"screen":{"x":612,"y":118},"coords":{"x":2015,"y":1680,"w":28,"h":93}},{"type":"object","tile":{"x":-2,"y":-5},"screen":{"x":443,"y":123},"coords":{"x":1510,"y":1312,"w":61,"h":70}},{"type":"object","tile":{"x":-2,"y":-4},"screen":{"x":467,"y":116},"coords":{"x":598,"y":492,"w":79,"h":87}},{"type":"object","tile":{"x":-2,"y":-3},"screen":{"x":504,"y":105},"coords":{"x":1335,"y":1661,"w":109,"h":112}},{"type":"object","tile":{"x":-2,"y":-2},"screen":{"x":565,"y":95},"coords":{"x":441,"y":731,"w":75,"h":145}},{"type":"object","tile":{"x":-1,"y":-5},"screen":{"x":371,"y":123},"coords":{"x":687,"y":1007,"w":53,"h":70}},{"type":"object","tile":{"x":-1,"y":-4},"screen":{"x":381,"y":116},"coords":{"x":519,"y":704,"w":67,"h":87}},{"type":"object","tile":{"x":-1,"y":-3},"screen":{"x":396,"y":105},"coords":{"x":795,"y":1534,"w":89,"h":112}},{"type":"object","tile":{"x":-1,"y":-2},"screen":{"x":421,"y":85},"coords":{"x":213,"y":1311,"w":133,"h":159}},{"type":"object","tile":{"x":-1,"y":-1},"screen":{"x":472,"y":37},"coords":{"x":0,"y":179,"w":168,"h":272}},{"type":"object","tile":{"x":-1,"y":0},"screen":{"x":622,"y":95},"coords":{"x":426,"y":1777,"w":18,"h":23}},{"type":"object","tile":{"x":0,"y":-5},"screen":{"x":296,"y":123},"coords":{"x":687,"y":209,"w":48,"h":70}},{"type":"object","tile":{"x":0,"y":-4},"screen":{"x":291,"y":116},"coords":{"x":519,"y":359,"w":58,"h":87}},{"type":"object","tile":{"x":0,"y":-3},"screen":{"x":282,"y":105},"coords":{"x":519,"y":1419,"w":76,"h":112}},{"type":"object","tile":{"x":0,"y":-2},"screen":{"x":266,"y":85},"coords":{"x":363,"y":1358,"w":108,"h":159}},{"type":"object","tile":{"x":0,"y":-1},"screen":{"x":228,"y":37},"coords":{"x":0,"y":1006,"w":184,"h":272}},{"type":"object","tile":{"x":1,"y":-5},"screen":{"x":216,"y":123},"coords":{"x":687,"y":788,"w":53,"h":70}},{"type":"object","tile":{"x":1,"y":-4},"screen":{"x":192,"y":116},"coords":{"x":519,"y":614,"w":67,"h":87}},{"type":"object","tile":{"x":1,"y":-3},"screen":{"x":155,"y":105},"coords":{"x":611,"y":1534,"w":89,"h":112}},{"type":"object","tile":{"x":1,"y":-2},"screen":{"x":86,"y":85},"coords":{"x":213,"y":825,"w":133,"h":159}},{"type":"object","tile":{"x":1,"y":-1},"screen":{"x":0,"y":37},"coords":{"x":213,"y":1776,"w":168,"h":272}},{"type":"object","tile":{"x":1,"y":0},"screen":{"x":0,"y":95},"coords":{"x":405,"y":1777,"w":18,"h":23}},{"type":"object","tile":{"x":2,"y":-5},"screen":{"x":136,"y":123},"coords":{"x":1574,"y":1312,"w":61,"h":70}},{"type":"object","tile":{"x":2,"y":-4},"screen":{"x":94,"y":116},"coords":{"x":598,"y":672,"w":79,"h":87}},{"type":"object","tile":{"x":2,"y":-3},"screen":{"x":27,"y":105},"coords":{"x":1447,"y":1661,"w":109,"h":112}},{"type":"object","tile":{"x":2,"y":-2},"screen":{"x":0,"y":94},"coords":{"x":363,"y":473,"w":75,"h":145}},{"type":"object","tile":{"x":3,"y":-5},"screen":{"x":56,"y":123},"coords":{"x":1073,"y":1388,"w":69,"h":70}},{"type":"object","tile":{"x":3,"y":-4},"screen":{"x":0,"y":116},"coords":{"x":598,"y":1025,"w":86,"h":87}},{"type":"object","tile":{"x":3,"y":-3},"screen":{"x":0,"y":118},"coords":{"x":476,"y":1153,"w":28,"h":92}},{"type":"object","tile":{"x":4,"y":-5},"screen":{"x":0,"y":123},"coords":{"x":687,"y":861,"w":53,"h":70}}]},{"id":3,"name":"well-3","mode":2,"type":"object","tiles":[{"type":"object","tile":{"x":-4,"y":-5},"screen":{"x":587,"y":124},"coords":{"x":687,"y":355,"w":53,"h":68}},{"type":"object","tile":{"x":-3,"y":-5},"screen":{"x":513,"y":124},"coords":{"x":519,"y":215,"w":71,"h":69}},{"type":"object","tile":{"x":-3,"y":-4},"screen":{"x":553,"y":118},"coords":{"x":867,"y":1299,"w":87,"h":83}},{"type":"object","tile":{"x":-3,"y":-3},"screen":{"x":612,"y":109},"coords":{"x":171,"y":348,"w":28,"h":103}},{"type":"object","tile":{"x":-2,"y":-5},"screen":{"x":437,"y":124},"coords":{"x":1629,"y":1389,"w":67,"h":69}},{"type":"object","tile":{"x":-2,"y":-4},"screen":{"x":462,"y":118},"coords":{"x":598,"y":852,"w":84,"h":83}},{"type":"object","tile":{"x":-2,"y":-3},"screen":{"x":500,"y":109},"coords":{"x":1899,"y":1667,"w":113,"h":106}},{"type":"object","tile":{"x":-2,"y":-2},"screen":{"x":565,"y":93},"coords":{"x":363,"y":730,"w":75,"h":146}},{"type":"object","tile":{"x":-1,"y":-5},"screen":{"x":361,"y":124},"coords":{"x":598,"y":2,"w":63,"h":69}},{"type":"object","tile":{"x":-1,"y":-4},"screen":{"x":370,"y":118},"coords":{"x":598,"y":146,"w":78,"h":83}},{"type":"object","tile":{"x":-1,"y":-3},"screen":{"x":383,"y":109},"coords":{"x":363,"y":621,"w":103,"h":106}},{"type":"object","tile":{"x":-1,"y":-2},"screen":{"x":407,"y":93},"coords":{"x":213,"y":1473,"w":147,"h":148}},{"type":"object","tile":{"x":-1,"y":-1},"screen":{"x":458,"y":58},"coords":{"x":569,"y":1805,"w":182,"h":243}},{"type":"object","tile":{"x":-1,"y":0},"screen":{"x":622,"y":83},"coords":{"x":2022,"y":1856,"w":18,"h":35}},{"type":"object","tile":{"x":0,"y":-5},"screen":{"x":285,"y":124},"coords":{"x":1943,"y":1313,"w":59,"h":69}},{"type":"object","tile":{"x":0,"y":-4},"screen":{"x":278,"y":118},"coords":{"x":519,"y":974,"w":72,"h":83}},{"type":"object","tile":{"x":0,"y":-3},"screen":{"x":267,"y":109},"coords":{"x":982,"y":1540,"w":92,"h":106}},{"type":"object","tile":{"x":0,"y":-2},"screen":{"x":247,"y":93},"coords":{"x":213,"y":219,"w":128,"h":148}},{"type":"object","tile":{"x":0,"y":-1},"screen":{"x":204,"y":58},"coords":{"x":0,"y":1557,"w":210,"h":243}},{"type":"object","tile":{"x":1,"y":-5},"screen":{"x":209,"y":124},"coords":{"x":1792,"y":1313,"w":61,"h":69}},{"type":"object","tile":{"x":1,"y":-4},"screen":{"x":186,"y":118},"coords":{"x":519,"y":1333,"w":74,"h":83}},{"type":"object","tile":{"x":1,"y":-3},"screen":{"x":150,"y":109},"coords":{"x":363,"y":32,"w":95,"h":106}},{"type":"object","tile":{"x":1,"y":-2},"screen":{"x":86,"y":93},"coords":{"x":213,"y":522,"w":134,"h":148}},{"type":"object","tile":{"x":1,"y":-1},"screen":{"x":0,"y":58},"coords":{"x":926,"y":1805,"w":169,"h":243}},{"type":"object","tile":{"x":1,"y":0},"screen":{"x":0,"y":83},"coords":{"x":187,"y":1030,"w":18,"h":35}},{"type":"object","tile":{"x":2,"y":-5},"screen":{"x":133,"y":124},"coords":{"x":1792,"y":1389,"w":65,"h":69}},{"type":"object","tile":{"x":2,"y":-4},"screen":{"x":94,"y":118},"coords":{"x":598,"y":319,"w":79,"h":83}},{"type":"object","tile":{"x":2,"y":-3},"screen":{"x":27,"y":109},"coords":{"x":363,"y":1139,"w":110,"h":106}},{"type":"object","tile":{"x":2,"y":-2},"screen":{"x":0,"y":93},"coords":{"x":1944,"y":1778,"w":75,"h":147}},{"type":"object","tile":{"x":3,"y":-5},"screen":{"x":56,"y":124},"coords":{"x":1145,"y":1389,"w":70,"h":69}},{"type":"object","tile":{"x":3,"y":-4},"screen":{"x":0,"y":118},"coords":{"x":957,"y":1299,"w":87,"h":83}},{"type":"object","tile":{"x":3,"y":-3},"screen":{"x":0,"y":109},"coords":{"x":171,"y":242,"w":28,"h":103}},{"type":"object","tile":{"x":4,"y":-5},"screen":{"x":0,"y":124},"coords":{"x":687,"y":498,"w":53,"h":69}}]},{"id":4,"name":"well-4","mode":2,"type":"object","tiles":[{"type":"object","tile":{"x":-4,"y":-5},"screen":{"x":587,"y":124},"coords":{"x":687,"y":570,"w":53,"h":69}},{"type":"object","tile":{"x":-3,"y":-5},"screen":{"x":514,"y":124},"coords":{"x":1000,"y":1389,"w":70,"h":69}},{"type":"object","tile":{"x":-3,"y":-4},"screen":{"x":553,"y":118},"coords":{"x":687,"y":1298,"w":87,"h":84}},{"type":"object","tile":{"x":-3,"y":-3},"screen":{"x":612,"y":109},"coords":{"x":171,"y":746,"w":28,"h":103}},{"type":"object","tile":{"x":-2,"y":-5},"screen":{"x":442,"y":124},"coords":{"x":1860,"y":1389,"w":64,"h":69}},{"type":"object","tile":{"x":-2,"y":-4},"screen":{"x":467,"y":118},"coords":{"x":598,"y":405,"w":79,"h":84}},{"type":"object","tile":{"x":-2,"y":-3},"screen":{"x":503,"y":109},"coords":{"x":363,"y":1248,"w":110,"h":107}},{"type":"object","tile":{"x":-2,"y":-2},"screen":{"x":565,"y":93},"coords":{"x":441,"y":990,"w":75,"h":146}},{"type":"object","tile":{"x":-1,"y":-5},"screen":{"x":370,"y":124},"coords":{"x":1728,"y":1313,"w":61,"h":69}},{"type":"object","tile":{"x":-1,"y":-4},"screen":{"x":380,"y":118},"coords":{"x":441,"y":386,"w":74,"h":84}},{"type":"object","tile":{"x":-1,"y":-3},"screen":{"x":395,"y":109},"coords":{"x":1950,"y":1941,"w":95,"h":107}},{"type":"object","tile":{"x":-1,"y":-2},"screen":{"x":420,"y":93},"coords":{"x":213,"y":673,"w":134,"h":149}},{"type":"object","tile":{"x":-1,"y":-1},"screen":{"x":471,"y":58},"coords":{"x":754,"y":1803,"w":169,"h":245}},{"type":"object","tile":{"x":-1,"y":0},"screen":{"x":622,"y":83},"coords":{"x":187,"y":1068,"w":18,"h":35}},{"type":"object","tile":{"x":0,"y":-5},"screen":{"x":296,"y":124},"coords":{"x":687,"y":1226,"w":59,"h":69}},{"type":"object","tile":{"x":0,"y":-4},"screen":{"x":290,"y":118},"coords":{"x":519,"y":1246,"w":72,"h":84}},{"type":"object","tile":{"x":0,"y":-3},"screen":{"x":281,"y":109},"coords":{"x":887,"y":1539,"w":92,"h":107}},{"type":"object","tile":{"x":0,"y":-2},"screen":{"x":265,"y":93},"coords":{"x":213,"y":370,"w":128,"h":149}},{"type":"object","tile":{"x":0,"y":-1},"screen":{"x":226,"y":58},"coords":{"x":0,"y":1803,"w":210,"h":245}},{"type":"object","tile":{"x":1,"y":-5},"screen":{"x":216,"y":124},"coords":{"x":598,"y":74,"w":63,"h":69}},{"type":"object","tile":{"x":1,"y":-4},"screen":{"x":192,"y":118},"coords":{"x":598,"y":232,"w":78,"h":84}},{"type":"object","tile":{"x":1,"y":-3},"screen":{"x":154,"y":109},"coords":{"x":363,"y":879,"w":103,"h":107}},{"type":"object","tile":{"x":1,"y":-2},"screen":{"x":86,"y":93},"coords":{"x":213,"y":1624,"w":147,"h":149}},{"type":"object","tile":{"x":1,"y":-1},"screen":{"x":0,"y":58},"coords":{"x":384,"y":1803,"w":182,"h":245}},{"type":"object","tile":{"x":1,"y":0},"screen":{"x":0,"y":83},"coords":{"x":187,"y":1106,"w":18,"h":35}},{"type":"object","tile":{"x":2,"y":-5},"screen":{"x":136,"y":124},"coords":{"x":1559,"y":1389,"w":67,"h":69}},{"type":"object","tile":{"x":2,"y":-4},"screen":{"x":94,"y":118},"coords":{"x":598,"y":938,"w":84,"h":84}},{"type":"object","tile":{"x":2,"y":-3},"screen":{"x":27,"y":109},"coords":{"x":1783,"y":1666,"w":113,"h":107}},{"type":"object","tile":{"x":2,"y":-2},"screen":{"x":0,"y":93},"coords":{"x":363,"y":989,"w":75,"h":147}},{"type":"object","tile":{"x":3,"y":-5},"screen":{"x":56,"y":124},"coords":{"x":519,"y":287,"w":71,"h":69}},{"type":"object","tile":{"x":3,"y":-4},"screen":{"x":0,"y":118},"coords":{"x":777,"y":1298,"w":87,"h":84}},{"type":"object","tile":{"x":3,"y":-3},"screen":{"x":0,"y":109},"coords":{"x":171,"y":467,"w":28,"h":103}},{"type":"object","tile":{"x":4,"y":-5},"screen":{"x":0,"y":124},"coords":{"x":687,"y":426,"w":53,"h":69}}]},{"id":5,"name":"chest-closed","mode":2,"type":"object","tiles":[{"type":"object","tile":{"x":-4,"y":-5},"screen":{"x":594,"y":163},"coords":{"x":469,"y":665,"w":46,"h":29}},{"type":"object","tile":{"x":-3,"y":-5},"screen":{"x":520,"y":163},"coords":{"x":749,"y":182,"w":57,"h":29}},{"type":"object","tile":{"x":-3,"y":-4},"screen":{"x":561,"y":165},"coords":{"x":1215,"y":1535,"w":72,"h":35}},{"type":"object","tile":{"x":-3,"y":-3},"screen":{"x":624,"y":169},"coords":{"x":187,"y":1190,"w":16,"h":43}},{"type":"object","tile":{"x":-2,"y":-5},"screen":{"x":446,"y":163},"coords":{"x":813,"y":919,"w":53,"h":29}},{"type":"object","tile":{"x":-2,"y":-4},"screen":{"x":472,"y":165},"coords":{"x":813,"y":1124,"w":66,"h":35}},{"type":"object","tile":{"x":-2,"y":-3},"screen":{"x":512,"y":169},"coords":{"x":90,"y":2,"w":87,"h":45}},{"type":"object","tile":{"x":-2,"y":-2},"screen":{"x":579,"y":175},"coords":{"x":749,"y":1113,"w":61,"h":63}},{"type":"object","tile":{"x":-1,"y":-5},"screen":{"x":372,"y":163},"coords":{"x":813,"y":722,"w":49,"h":29}},{"type":"object","tile":{"x":-1,"y":-4},"screen":{"x":383,"y":165},"coords":{"x":749,"y":838,"w":60,"h":35}},{"type":"object","tile":{"x":-1,"y":-3},"screen":{"x":400,"y":169},"coords":{"x":1480,"y":1250,"w":77,"h":45}},{"type":"object","tile":{"x":-1,"y":-2},"screen":{"x":427,"y":175},"coords":{"x":1055,"y":1468,"w":112,"h":63}},{"type":"object","tile":{"x":-1,"y":-1},"screen":{"x":485,"y":187},"coords":{"x":1426,"y":1791,"w":155,"h":106}},{"type":"object","tile":{"x":0,"y":-5},"screen":{"x":297,"y":163},"coords":{"x":469,"y":633,"w":46,"h":29}},{"type":"object","tile":{"x":0,"y":-4},"screen":{"x":292,"y":165},"coords":{"x":749,"y":582,"w":56,"h":35}},{"type":"object","tile":{"x":0,"y":-3},"screen":{"x":285,"y":169},"coords":{"x":1702,"y":1250,"w":70,"h":45}},{"type":"object","tile":{"x":0,"y":-2},"screen":{"x":271,"y":175},"coords":{"x":1285,"y":1468,"w":98,"h":63}},{"type":"object","tile":{"x":0,"y":-1},"screen":{"x":239,"y":187},"coords":{"x":1098,"y":1791,"w":162,"h":106}},{"type":"object","tile":{"x":1,"y":-5},"screen":{"x":219,"y":163},"coords":{"x":813,"y":690,"w":49,"h":29}},{"type":"object","tile":{"x":1,"y":-4},"screen":{"x":197,"y":165},"coords":{"x":749,"y":800,"w":60,"h":35}},{"type":"object","tile":{"x":1,"y":-3},"screen":{"x":163,"y":169},"coords":{"x":1400,"y":1250,"w":77,"h":45}},{"type":"object","tile":{"x":1,"y":-2},"screen":{"x":101,"y":175},"coords":{"x":1170,"y":1468,"w":112,"h":63}},{"type":"object","tile":{"x":1,"y":-1},"screen":{"x":0,"y":187},"coords":{"x":1263,"y":1791,"w":155,"h":106}},{"type":"object","tile":{"x":2,"y":-5},"screen":{"x":141,"y":163},"coords":{"x":813,"y":887,"w":53,"h":29}},{"type":"object","tile":{"x":2,"y":-4},"screen":{"x":102,"y":165},"coords":{"x":1972,"y":1207,"w":66,"h":35}},{"type":"object","tile":{"x":2,"y":-3},"screen":{"x":41,"y":169},"coords":{"x":0,"y":2,"w":87,"h":45}},{"type":"object","tile":{"x":2,"y":-2},"screen":{"x":0,"y":175},"coords":{"x":749,"y":1179,"w":61,"h":63}},{"type":"object","tile":{"x":3,"y":-5},"screen":{"x":63,"y":163},"coords":{"x":363,"y":0,"w":57,"h":29}},{"type":"object","tile":{"x":3,"y":-4},"screen":{"x":7,"y":165},"coords":{"x":1558,"y":1207,"w":72,"h":35}},{"type":"object","tile":{"x":3,"y":-3},"screen":{"x":0,"y":169},"coords":{"x":187,"y":1144,"w":16,"h":43}},{"type":"object","tile":{"x":4,"y":-5},"screen":{"x":0,"y":163},"coords":{"x":1166,"y":1543,"w":46,"h":29}}]},{"id":6,"name":"chest-open","mode":2,"type":"object","tiles":[{"type":"object","tile":{"x":-4,"y":-5},"screen":{"x":591,"y":150},"coords":{"x":749,"y":710,"w":49,"h":42}},{"type":"object","tile":{"x":-3,"y":-5},"screen":{"x":518,"y":150},"coords":{"x":687,"y":119,"w":58,"h":42}},{"type":"object","tile":{"x":-3,"y":-4},"screen":{"x":558,"y":150},"coords":{"x":1244,"y":1245,"w":75,"h":50}},{"type":"object","tile":{"x":-3,"y":-3},"screen":{"x":619,"y":150},"coords":{"x":187,"y":1427,"w":21,"h":62}},{"type":"object","tile":{"x":-2,"y":-5},"screen":{"x":445,"y":150},"coords":{"x":749,"y":876,"w":53,"h":42}},{"type":"object","tile":{"x":-2,"y":-4},"screen":{"x":470,"y":150},"coords":{"x":1631,"y":1245,"w":68,"h":50}},{"type":"object","tile":{"x":-2,"y":-3},"screen":{"x":509,"y":149},"coords":{"x":1479,"y":1466,"w":90,"h":65}},{"type":"object","tile":{"x":-2,"y":-2},"screen":{"x":573,"y":148},"coords":{"x":519,"y":1060,"w":67,"h":90}},{"type":"object","tile":{"x":-1,"y":-5},"screen":{"x":372,"y":150},"coords":{"x":749,"y":620,"w":48,"h":42}},{"type":"object","tile":{"x":-1,"y":-4},"screen":{"x":382,"y":150},"coords":{"x":1839,"y":1245,"w":61,"h":50}},{"type":"object","tile":{"x":-1,"y":-3},"screen":{"x":398,"y":149},"coords":{"x":1843,"y":1466,"w":79,"h":65}},{"type":"object","tile":{"x":-1,"y":-2},"screen":{"x":425,"y":148},"coords":{"x":363,"y":141,"w":114,"h":90}},{"type":"object","tile":{"x":-1,"y":-1},"screen":{"x":480,"y":145},"coords":{"x":1426,"y":1900,"w":160,"h":148}},{"type":"object","tile":{"x":0,"y":-5},"screen":{"x":297,"y":150},"coords":{"x":469,"y":944,"w":45,"h":42}},{"type":"object","tile":{"x":0,"y":-4},"screen":{"x":292,"y":150},"coords":{"x":461,"y":16,"w":55,"h":50}},{"type":"object","tile":{"x":0,"y":-3},"screen":{"x":285,"y":149},"coords":{"x":519,"y":1,"w":70,"h":65}},{"type":"object","tile":{"x":0,"y":-2},"screen":{"x":271,"y":148},"coords":{"x":1613,"y":1556,"w":98,"h":90}},{"type":"object","tile":{"x":0,"y":-1},"screen":{"x":239,"y":145},"coords":{"x":1098,"y":1900,"w":162,"h":148}},{"type":"object","tile":{"x":1,"y":-5},"screen":{"x":219,"y":150},"coords":{"x":749,"y":755,"w":49,"h":42}},{"type":"object","tile":{"x":1,"y":-4},"screen":{"x":197,"y":150},"coords":{"x":1775,"y":1245,"w":61,"h":50}},{"type":"object","tile":{"x":1,"y":-3},"screen":{"x":163,"y":149},"coords":{"x":1761,"y":1466,"w":79,"h":65}},{"type":"object","tile":{"x":1,"y":-2},"screen":{"x":101,"y":148},"coords":{"x":363,"y":234,"w":114,"h":90}},{"type":"object","tile":{"x":1,"y":-1},"screen":{"x":0,"y":145},"coords":{"x":1263,"y":1900,"w":160,"h":148}},{"type":"object","tile":{"x":2,"y":-5},"screen":{"x":141,"y":150},"coords":{"x":749,"y":921,"w":54,"h":42}},{"type":"object","tile":{"x":2,"y":-4},"screen":{"x":102,"y":150},"coords":{"x":1560,"y":1245,"w":68,"h":50}},{"type":"object","tile":{"x":2,"y":-3},"screen":{"x":41,"y":149},"coords":{"x":1386,"y":1466,"w":90,"h":65}},{"type":"object","tile":{"x":2,"y":-2},"screen":{"x":0,"y":148},"coords":{"x":519,"y":1153,"w":67,"h":90}},{"type":"object","tile":{"x":3,"y":-5},"screen":{"x":63,"y":150},"coords":{"x":687,"y":164,"w":59,"h":42}},{"type":"object","tile":{"x":3,"y":-4},"screen":{"x":7,"y":150},"coords":{"x":1322,"y":1245,"w":75,"h":50}},{"type":"object","tile":{"x":3,"y":-3},"screen":{"x":0,"y":150},"coords":{"x":187,"y":1492,"w":21,"h":62}},{"type":"object","tile":{"x":4,"y":-5},"screen":{"x":0,"y":150},"coords":{"x":749,"y":665,"w":49,"h":42}}]},{"id":7,"name":"barrels-1","mode":2,"type":"object","tiles":[{"type":"object","tile":{"x":-4,"y":-6},"screen":{"x":556,"y":161},"coords":{"x":813,"y":661,"w":53,"h":26}},{"type":"object","tile":{"x":-4,"y":-5},"screen":{"x":598,"y":162},"coords":{"x":474,"y":1415,"w":42,"h":31}},{"type":"object","tile":{"x":-3,"y":-6},"screen":{"x":491,"y":161},"coords":{"x":813,"y":517,"w":50,"h":26}},{"type":"object","tile":{"x":-3,"y":-5},"screen":{"x":521,"y":162},"coords":{"x":749,"y":548,"w":61,"h":31}},{"type":"object","tile":{"x":-3,"y":-4},"screen":{"x":564,"y":164},"coords":{"x":813,"y":1204,"w":76,"h":38}},{"type":"object","tile":{"x":-3,"y":-3},"screen":{"x":631,"y":169},"coords":{"x":2022,"y":1809,"w":9,"h":44}},{"type":"object","tile":{"x":-2,"y":-6},"screen":{"x":425,"y":161},"coords":{"x":813,"y":432,"w":49,"h":26}},{"type":"object","tile":{"x":-2,"y":-5},"screen":{"x":444,"y":162},"coords":{"x":749,"y":481,"w":58,"h":31}},{"type":"object","tile":{"x":-2,"y":-4},"screen":{"x":471,"y":164},"coords":{"x":972,"y":1204,"w":73,"h":38}},{"type":"object","tile":{"x":-2,"y":-3},"screen":{"x":513,"y":167},"coords":{"x":1364,"y":1408,"w":96,"h":50}},{"type":"object","tile":{"x":-2,"y":-2},"screen":{"x":586,"y":173},"coords":{"x":461,"y":69,"w":54,"h":69}},{"type":"object","tile":{"x":-1,"y":-6},"screen":{"x":359,"y":161},"coords":{"x":813,"y":316,"w":48,"h":26}},{"type":"object","tile":{"x":-1,"y":-5},"screen":{"x":366,"y":162},"coords":{"x":749,"y":413,"w":56,"h":31}},{"type":"object","tile":{"x":-1,"y":-4},"screen":{"x":376,"y":164},"coords":{"x":1198,"y":1204,"w":70,"h":38}},{"type":"object","tile":{"x":-1,"y":-3},"screen":{"x":392,"y":167},"coords":{"x":1699,"y":1408,"w":90,"h":50}},{"type":"object","tile":{"x":-1,"y":-2},"screen":{"x":420,"y":173},"coords":{"x":1347,"y":1575,"w":130,"h":71}},{"type":"object","tile":{"x":-1,"y":-1},"screen":{"x":483,"y":183},"coords":{"x":885,"y":1650,"w":157,"h":123}},{"type":"object","tile":{"x":0,"y":-6},"screen":{"x":293,"y":161},"coords":{"x":469,"y":881,"w":47,"h":26}},{"type":"object","tile":{"x":0,"y":-5},"screen":{"x":288,"y":162},"coords":{"x":749,"y":379,"w":56,"h":31}},{"type":"object","tile":{"x":0,"y":-4},"screen":{"x":281,"y":164},"coords":{"x":1345,"y":1204,"w":68,"h":38}},{"type":"object","tile":{"x":0,"y":-3},"screen":{"x":270,"y":167},"coords":{"x":1047,"y":1332,"w":87,"h":50}},{"type":"object","tile":{"x":0,"y":-2},"screen":{"x":250,"y":173},"coords":{"x":1714,"y":1575,"w":122,"h":71}},{"type":"object","tile":{"x":0,"y":-1},"screen":{"x":203,"y":183},"coords":{"x":0,"y":50,"w":204,"h":126}},{"type":"object","tile":{"x":1,"y":-6},"screen":{"x":227,"y":161},"coords":{"x":813,"y":403,"w":48,"h":26}},{"type":"object","tile":{"x":1,"y":-5},"screen":{"x":210,"y":162},"coords":{"x":749,"y":447,"w":57,"h":31}},{"type":"object","tile":{"x":1,"y":-4},"screen":{"x":185,"y":164},"coords":{"x":1124,"y":1204,"w":71,"h":38}},{"type":"object","tile":{"x":1,"y":-3},"screen":{"x":146,"y":167},"coords":{"x":1463,"y":1408,"w":93,"h":50}},{"type":"object","tile":{"x":1,"y":-2},"screen":{"x":76,"y":173},"coords":{"x":1077,"y":1575,"w":135,"h":71}},{"type":"object","tile":{"x":1,"y":-1},"screen":{"x":0,"y":183},"coords":{"x":363,"y":1520,"w":153,"h":126}},{"type":"object","tile":{"x":2,"y":-6},"screen":{"x":160,"y":161},"coords":{"x":813,"y":575,"w":51,"h":26}},{"type":"object","tile":{"x":2,"y":-5},"screen":{"x":131,"y":162},"coords":{"x":1638,"y":1299,"w":62,"h":31}},{"type":"object","tile":{"x":2,"y":-4},"screen":{"x":88,"y":164},"coords":{"x":1714,"y":1534,"w":79,"h":38}},{"type":"object","tile":{"x":2,"y":-3},"screen":{"x":22,"y":167},"coords":{"x":213,"y":4,"w":106,"h":50}},{"type":"object","tile":{"x":2,"y":-2},"screen":{"x":0,"y":173},"coords":{"x":1317,"y":1312,"w":62,"h":70}},{"type":"object","tile":{"x":3,"y":-6},"screen":{"x":93,"y":161},"coords":{"x":988,"y":1776,"w":56,"h":26}},{"type":"object","tile":{"x":3,"y":-5},"screen":{"x":52,"y":162},"coords":{"x":1047,"y":1298,"w":68,"h":31}},{"type":"object","tile":{"x":3,"y":-4},"screen":{"x":0,"y":164},"coords":{"x":1839,"y":1535,"w":79,"h":38}},{"type":"object","tile":{"x":3,"y":-3},"screen":{"x":0,"y":168},"coords":{"x":187,"y":1236,"w":17,"h":42}},{"type":"object","tile":{"x":4,"y":-6},"screen":{"x":26,"y":161},"coords":{"x":569,"y":1776,"w":60,"h":26}},{"type":"object","tile":{"x":4,"y":-5},"screen":{"x":0,"y":162},"coords":{"x":469,"y":910,"w":46,"h":31}}]},{"id":8,"name":"barrels-2","mode":2,"type":"object","tiles":[{"type":"object","tile":{"x":-4,"y":-6},"screen":{"x":550,"y":160},"coords":{"x":813,"y":546,"w":50,"h":26}},{"type":"object","tile":{"x":-4,"y":-5},"screen":{"x":589,"y":162},"coords":{"x":813,"y":854,"w":51,"h":30}},{"type":"object","tile":{"x":-3,"y":-6},"screen":{"x":488,"y":160},"coords":{"x":1047,"y":1776,"w":48,"h":26}},{"type":"object","tile":{"x":-3,"y":-5},"screen":{"x":516,"y":162},"coords":{"x":749,"y":280,"w":57,"h":30}},{"type":"object","tile":{"x":-3,"y":-4},"screen":{"x":556,"y":164},"coords":{"x":1271,"y":1205,"w":71,"h":37}},{"type":"object","tile":{"x":-3,"y":-3},"screen":{"x":615,"y":178},"coords":{"x":2022,"y":1894,"w":25,"h":31}},{"type":"object","tile":{"x":-2,"y":-6},"screen":{"x":426,"y":160},"coords":{"x":813,"y":201,"w":46,"h":26}},{"type":"object","tile":{"x":-2,"y":-5},"screen":{"x":444,"y":162},"coords":{"x":749,"y":116,"w":55,"h":30}},{"type":"object","tile":{"x":-2,"y":-4},"screen":{"x":469,"y":164},"coords":{"x":1633,"y":1205,"w":67,"h":37}},{"type":"object","tile":{"x":-2,"y":-3},"screen":{"x":506,"y":166},"coords":{"x":1638,"y":1333,"w":87,"h":49}},{"type":"object","tile":{"x":-2,"y":-2},"screen":{"x":569,"y":172},"coords":{"x":1290,"y":1390,"w":71,"h":68}},{"type":"object","tile":{"x":-1,"y":-6},"screen":{"x":364,"y":160},"coords":{"x":813,"y":85,"w":45,"h":26}},{"type":"object","tile":{"x":-1,"y":-5},"screen":{"x":371,"y":162},"coords":{"x":749,"y":15,"w":53,"h":30}},{"type":"object","tile":{"x":-1,"y":-4},"screen":{"x":382,"y":164},"coords":{"x":1772,"y":1205,"w":64,"h":37}},{"type":"object","tile":{"x":-1,"y":-3},"screen":{"x":397,"y":166},"coords":{"x":833,"y":1246,"w":82,"h":49}},{"type":"object","tile":{"x":-1,"y":-2},"screen":{"x":424,"y":171},"coords":{"x":716,"y":1461,"w":112,"h":70}},{"type":"object","tile":{"x":-1,"y":-1},"screen":{"x":476,"y":180},"coords":{"x":718,"y":1652,"w":164,"h":121}},{"type":"object","tile":{"x":-1,"y":0},"screen":{"x":634,"y":277},"coords":{"x":203,"y":1355,"w":6,"h":69}},{"type":"object","tile":{"x":0,"y":-6},"screen":{"x":301,"y":160},"coords":{"x":813,"y":114,"w":45,"h":26}},{"type":"object","tile":{"x":0,"y":-5},"screen":{"x":298,"y":162},"coords":{"x":813,"y":985,"w":52,"h":30}},{"type":"object","tile":{"x":0,"y":-4},"screen":{"x":293,"y":164},"coords":{"x":1906,"y":1205,"w":63,"h":37}},{"type":"object","tile":{"x":0,"y":-3},"screen":{"x":285,"y":166},"coords":{"x":1001,"y":1246,"w":81,"h":49}},{"type":"object","tile":{"x":0,"y":-2},"screen":{"x":272,"y":171},"coords":{"x":831,"y":1461,"w":110,"h":70}},{"type":"object","tile":{"x":0,"y":-1},"screen":{"x":241,"y":180},"coords":{"x":540,"y":1652,"w":175,"h":121}},{"type":"object","tile":{"x":1,"y":-6},"screen":{"x":235,"y":161},"coords":{"x":813,"y":259,"w":48,"h":25}},{"type":"object","tile":{"x":1,"y":-5},"screen":{"x":220,"y":162},"coords":{"x":749,"y":247,"w":56,"h":30}},{"type":"object","tile":{"x":1,"y":-4},"screen":{"x":198,"y":164},"coords":{"x":1416,"y":1205,"w":69,"h":37}},{"type":"object","tile":{"x":1,"y":-3},"screen":{"x":164,"y":166},"coords":{"x":1927,"y":1409,"w":90,"h":49}},{"type":"object","tile":{"x":1,"y":-2},"screen":{"x":101,"y":171},"coords":{"x":1480,"y":1576,"w":130,"h":70}},{"type":"object","tile":{"x":1,"y":-1},"screen":{"x":0,"y":180},"coords":{"x":1762,"y":1928,"w":185,"h":120}},{"type":"object","tile":{"x":1,"y":0},"screen":{"x":0,"y":209},"coords":{"x":171,"y":852,"w":39,"h":151}},{"type":"object","tile":{"x":2,"y":-6},"screen":{"x":169,"y":161},"coords":{"x":813,"y":461,"w":51,"h":25}},{"type":"object","tile":{"x":2,"y":-5},"screen":{"x":142,"y":162},"coords":{"x":749,"y":515,"w":61,"h":30}},{"type":"object","tile":{"x":2,"y":-4},"screen":{"x":102,"y":164},"coords":{"x":892,"y":1205,"w":77,"h":37}},{"type":"object","tile":{"x":2,"y":-3},"screen":{"x":40,"y":166},"coords":{"x":1925,"y":1482,"w":104,"h":49}},{"type":"object","tile":{"x":2,"y":-2},"screen":{"x":0,"y":171},"coords":{"x":812,"y":1397,"w":83,"h":61}},{"type":"object","tile":{"x":3,"y":-6},"screen":{"x":103,"y":161},"coords":{"x":813,"y":604,"w":55,"h":25}},{"type":"object","tile":{"x":3,"y":-5},"screen":{"x":63,"y":162},"coords":{"x":1227,"y":1299,"w":67,"h":30}},{"type":"object","tile":{"x":3,"y":-4},"screen":{"x":6,"y":164},"coords":{"x":1077,"y":1535,"w":86,"h":37}},{"type":"object","tile":{"x":3,"y":-3},"screen":{"x":0,"y":166},"coords":{"x":171,"y":194,"w":33,"h":45}},{"type":"object","tile":{"x":4,"y":-6},"screen":{"x":36,"y":161},"coords":{"x":926,"y":1777,"w":59,"h":25}},{"type":"object","tile":{"x":4,"y":-5},"screen":{"x":0,"y":162},"coords":{"x":749,"y":313,"w":57,"h":30}},{"type":"object","tile":{"x":4,"y":-4},"screen":{"x":0,"y":167},"coords":{"x":206,"y":1205,"w":4,"h":28}}]},{"id":9,"name":"barrels-3","mode":2,"type":"object","tiles":[{"type":"object","tile":{"x":-4,"y":-6},"screen":{"x":554,"y":161},"coords":{"x":632,"y":1776,"w":58,"h":26}},{"type":"object","tile":{"x":-4,"y":-5},"screen":{"x":594,"y":162},"coords":{"x":469,"y":697,"w":46,"h":30}},{"type":"object","tile":{"x":-3,"y":-6},"screen":{"x":491,"y":161},"coords":{"x":813,"y":632,"w":53,"h":26}},{"type":"object","tile":{"x":-3,"y":-5},"screen":{"x":520,"y":162},"coords":{"x":1137,"y":1298,"w":66,"h":31}},{"type":"object","tile":{"x":-3,"y":-4},"screen":{"x":561,"y":164},"coords":{"x":1480,"y":1534,"w":79,"h":39}},{"type":"object","tile":{"x":-3,"y":-3},"screen":{"x":623,"y":167},"coords":{"x":187,"y":1288,"w":17,"h":43}},{"type":"object","tile":{"x":-2,"y":-6},"screen":{"x":429,"y":161},"coords":{"x":813,"y":345,"w":48,"h":26}},{"type":"object","tile":{"x":-2,"y":-5},"screen":{"x":447,"y":162},"coords":{"x":687,"y":1,"w":59,"h":31}},{"type":"object","tile":{"x":-2,"y":-4},"screen":{"x":473,"y":164},"coords":{"x":1903,"y":1256,"w":75,"h":39}},{"type":"object","tile":{"x":-2,"y":-3},"screen":{"x":512,"y":167},"coords":{"x":1654,"y":1481,"w":104,"h":50}},{"type":"object","tile":{"x":-2,"y":-2},"screen":{"x":579,"y":172},"coords":{"x":749,"y":1049,"w":61,"h":61}},{"type":"object","tile":{"x":-1,"y":-6},"screen":{"x":365,"y":161},"coords":{"x":813,"y":143,"w":45,"h":26}},{"type":"object","tile":{"x":-1,"y":-5},"screen":{"x":373,"y":162},"coords":{"x":749,"y":48,"w":53,"h":31}},{"type":"object","tile":{"x":-1,"y":-4},"screen":{"x":384,"y":164},"coords":{"x":813,"y":1162,"w":66,"h":39}},{"type":"object","tile":{"x":-1,"y":-3},"screen":{"x":401,"y":167},"coords":{"x":1137,"y":1332,"w":87,"h":50}},{"type":"object","tile":{"x":-1,"y":-2},"screen":{"x":429,"y":172},"coords":{"x":1215,"y":1573,"w":129,"h":73}},{"type":"object","tile":{"x":-1,"y":-1},"screen":{"x":487,"y":182},"coords":{"x":1045,"y":1649,"w":153,"h":124}},{"type":"object","tile":{"x":0,"y":-6},"screen":{"x":302,"y":161},"coords":{"x":2005,"y":1298,"w":41,"h":26}},{"type":"object","tile":{"x":0,"y":-5},"screen":{"x":299,"y":162},"coords":{"x":1562,"y":1542,"w":48,"h":31}},{"type":"object","tile":{"x":0,"y":-4},"screen":{"x":294,"y":164},"coords":{"x":687,"y":35,"w":59,"h":39}},{"type":"object","tile":{"x":0,"y":-3},"screen":{"x":287,"y":167},"coords":{"x":1166,"y":1245,"w":75,"h":50}},{"type":"object","tile":{"x":0,"y":-2},"screen":{"x":276,"y":172},"coords":{"x":705,"y":1385,"w":104,"h":73}},{"type":"object","tile":{"x":0,"y":-1},"screen":{"x":251,"y":182},"coords":{"x":1589,"y":1781,"w":170,"h":132}},{"type":"object","tile":{"x":1,"y":-6},"screen":{"x":238,"y":161},"coords":{"x":882,"y":1175,"w":41,"h":26}},{"type":"object","tile":{"x":1,"y":-5},"screen":{"x":224,"y":162},"coords":{"x":813,"y":754,"w":48,"h":31}},{"type":"object","tile":{"x":1,"y":-4},"screen":{"x":204,"y":164},"coords":{"x":687,"y":77,"w":59,"h":39}},{"type":"object","tile":{"x":1,"y":-3},"screen":{"x":173,"y":167},"coords":{"x":441,"y":333,"w":75,"h":50}},{"type":"object","tile":{"x":1,"y":-2},"screen":{"x":119,"y":172},"coords":{"x":598,"y":1385,"w":104,"h":73}},{"type":"object","tile":{"x":1,"y":-1},"screen":{"x":2,"y":182},"coords":{"x":1589,"y":1916,"w":170,"h":132}},{"type":"object","tile":{"x":1,"y":0},"screen":{"x":0,"y":270},"coords":{"x":187,"y":1334,"w":13,"h":90}},{"type":"object","tile":{"x":2,"y":-6},"screen":{"x":174,"y":161},"coords":{"x":474,"y":1386,"w":42,"h":26}},{"type":"object","tile":{"x":2,"y":-5},"screen":{"x":149,"y":162},"coords":{"x":813,"y":951,"w":50,"h":31}},{"type":"object","tile":{"x":2,"y":-4},"screen":{"x":113,"y":164},"coords":{"x":749,"y":1007,"w":61,"h":39}},{"type":"object","tile":{"x":2,"y":-3},"screen":{"x":57,"y":167},"coords":{"x":918,"y":1245,"w":80,"h":50}},{"type":"object","tile":{"x":2,"y":-2},"screen":{"x":0,"y":172},"coords":{"x":519,"y":539,"w":75,"h":72}},{"type":"object","tile":{"x":3,"y":-6},"screen":{"x":110,"y":161},"coords":{"x":813,"y":56,"w":44,"h":26}},{"type":"object","tile":{"x":3,"y":-5},"screen":{"x":73,"y":162},"coords":{"x":749,"y":82,"w":53,"h":31}},{"type":"object","tile":{"x":3,"y":-4},"screen":{"x":21,"y":164},"coords":{"x":1981,"y":1256,"w":66,"h":39}},{"type":"object","tile":{"x":3,"y":-3},"screen":{"x":0,"y":178},"coords":{"x":180,"y":15,"w":27,"h":32}},{"type":"object","tile":{"x":4,"y":-6},"screen":{"x":46,"y":161},"coords":{"x":813,"y":230,"w":46,"h":26}},{"type":"object","tile":{"x":4,"y":-5},"screen":{"x":0,"y":162},"coords":{"x":1290,"y":1539,"w":53,"h":31}}]},{"id":10,"name":"barrels-4","mode":2,"type":"object","tiles":[{"type":"object","tile":{"x":-4,"y":-6},"screen":{"x":547,"y":160},"coords":{"x":693,"y":1776,"w":57,"h":26}},{"type":"object","tile":{"x":-4,"y":-5},"screen":{"x":585,"y":162},"coords":{"x":749,"y":149,"w":55,"h":30}},{"type":"object","tile":{"x":-4,"y":-4},"screen":{"x":637,"y":167},"coords":{"x":207,"y":1305,"w":3,"h":26}},{"type":"object","tile":{"x":-3,"y":-6},"screen":{"x":485,"y":161},"coords":{"x":813,"y":489,"w":52,"h":25}},{"type":"object","tile":{"x":-3,"y":-5},"screen":{"x":513,"y":162},"coords":{"x":1856,"y":1299,"w":64,"h":30}},{"type":"object","tile":{"x":-3,"y":-4},"screen":{"x":551,"y":164},"coords":{"x":1347,"y":1535,"w":83,"h":37}},{"type":"object","tile":{"x":-3,"y":-3},"screen":{"x":609,"y":166},"coords":{"x":324,"y":76,"w":31,"h":44}},{"type":"object","tile":{"x":-2,"y":-6},"screen":{"x":423,"y":160},"coords":{"x":813,"y":374,"w":48,"h":26}},{"type":"object","tile":{"x":-2,"y":-5},"screen":{"x":441,"y":162},"coords":{"x":749,"y":346,"w":57,"h":30}},{"type":"object","tile":{"x":-2,"y":-4},"screen":{"x":465,"y":164},"coords":{"x":1048,"y":1205,"w":73,"h":37}},{"type":"object","tile":{"x":-2,"y":-3},"screen":{"x":501,"y":166},"coords":{"x":898,"y":1408,"w":99,"h":50}},{"type":"object","tile":{"x":-2,"y":-2},"screen":{"x":561,"y":171},"coords":{"x":1572,"y":1461,"w":79,"h":70}},{"type":"object","tile":{"x":-1,"y":-6},"screen":{"x":361,"y":160},"coords":{"x":1433,"y":1546,"w":44,"h":26}},{"type":"object","tile":{"x":-1,"y":-5},"screen":{"x":368,"y":162},"coords":{"x":813,"y":1018,"w":52,"h":30}},{"type":"object","tile":{"x":-1,"y":-4},"screen":{"x":378,"y":164},"coords":{"x":1839,"y":1205,"w":64,"h":37}},{"type":"object","tile":{"x":-1,"y":-3},"screen":{"x":392,"y":166},"coords":{"x":1856,"y":1332,"w":84,"h":50}},{"type":"object","tile":{"x":-1,"y":-2},"screen":{"x":417,"y":171},"coords":{"x":1839,"y":1576,"w":122,"h":70}},{"type":"object","tile":{"x":-1,"y":-1},"screen":{"x":466,"y":179},"coords":{"x":363,"y":1649,"w":174,"h":124}},{"type":"object","tile":{"x":-1,"y":0},"screen":{"x":610,"y":206},"coords":{"x":171,"y":573,"w":30,"h":154}},{"type":"object","tile":{"x":0,"y":-6},"screen":{"x":297,"y":160},"coords":{"x":2005,"y":1327,"w":42,"h":26}},{"type":"object","tile":{"x":0,"y":-5},"screen":{"x":292,"y":162},"coords":{"x":813,"y":788,"w":50,"h":30}},{"type":"object","tile":{"x":0,"y":-4},"screen":{"x":286,"y":163},"coords":{"x":749,"y":966,"w":61,"h":38}},{"type":"object","tile":{"x":0,"y":-3},"screen":{"x":277,"y":166},"coords":{"x":1085,"y":1245,"w":78,"h":50}},{"type":"object","tile":{"x":0,"y":-2},"screen":{"x":260,"y":171},"coords":{"x":944,"y":1461,"w":108,"h":70}},{"type":"object","tile":{"x":0,"y":-1},"screen":{"x":220,"y":180},"coords":{"x":1762,"y":1802,"w":179,"h":123}},{"type":"object","tile":{"x":1,"y":-6},"screen":{"x":230,"y":160},"coords":{"x":2005,"y":1356,"w":43,"h":26}},{"type":"object","tile":{"x":1,"y":-5},"screen":{"x":214,"y":162},"coords":{"x":813,"y":821,"w":51,"h":30}},{"type":"object","tile":{"x":1,"y":-4},"screen":{"x":191,"y":164},"coords":{"x":813,"y":1084,"w":62,"h":37}},{"type":"object","tile":{"x":1,"y":-3},"screen":{"x":153,"y":166},"coords":{"x":749,"y":1245,"w":81,"h":50}},{"type":"object","tile":{"x":1,"y":-2},"screen":{"x":86,"y":171},"coords":{"x":598,"y":1461,"w":115,"h":70}},{"type":"object","tile":{"x":1,"y":-1},"screen":{"x":0,"y":179},"coords":{"x":1201,"y":1651,"w":131,"h":122}},{"type":"object","tile":{"x":2,"y":-6},"screen":{"x":164,"y":160},"coords":{"x":813,"y":27,"w":44,"h":26}},{"type":"object","tile":{"x":2,"y":-5},"screen":{"x":135,"y":162},"coords":{"x":813,"y":1051,"w":53,"h":30}},{"type":"object","tile":{"x":2,"y":-4},"screen":{"x":94,"y":164},"coords":{"x":1703,"y":1205,"w":66,"h":37}},{"type":"object","tile":{"x":2,"y":-3},"screen":{"x":29,"y":166},"coords":{"x":1227,"y":1332,"w":87,"h":50}},{"type":"object","tile":{"x":2,"y":-2},"screen":{"x":0,"y":172},"coords":{"x":474,"y":1449,"w":40,"h":68}},{"type":"object","tile":{"x":3,"y":-6},"screen":{"x":97,"y":160},"coords":{"x":813,"y":172,"w":46,"h":26}},{"type":"object","tile":{"x":3,"y":-5},"screen":{"x":56,"y":162},"coords":{"x":749,"y":214,"w":56,"h":30}},{"type":"object","tile":{"x":3,"y":-4},"screen":{"x":0,"y":163},"coords":{"x":1488,"y":1204,"w":67,"h":38}},{"type":"object","tile":{"x":4,"y":-6},"screen":{"x":30,"y":160},"coords":{"x":813,"y":287,"w":48,"h":26}},{"type":"object","tile":{"x":4,"y":-5},"screen":{"x":0,"y":162},"coords":{"x":322,"y":24,"w":36,"h":30}}]}]}