{"version":"0.9.3","generated":"12.04.2022 23.24.22","resolution":{"width":640,"height":360},"depth":6,"width":4,"layers":[{"id":1,"name":"walls","mode":2,"type":"object","tiles":[{"type":"object","tile":{"x":-4,"y":-6},"screen":{"x":530,"y":11},"coords":{"x":1990,"y":1511,"w":104,"h":177}},{"type":"object","tile":{"x":-4,"y":-5},"screen":{"x":564,"y":0},"coords":{"x":2212,"y":852,"w":76,"h":194}},{"type":"object","tile":{"x":-4,"y":-4},"screen":{"x":611,"y":0},"coords":{"x":1592,"y":981,"w":29,"h":198}},{"type":"object","tile":{"x":-3,"y":-6},"screen":{"x":470,"y":11},"coords":{"x":1990,"y":380,"w":94,"h":177}},{"type":"object","tile":{"x":-3,"y":-5},"screen":{"x":494,"y":0},"coords":{"x":1627,"y":649,"w":117,"h":194}},{"type":"object","tile":{"x":-3,"y":-4},"screen":{"x":528,"y":0},"coords":{"x":1627,"y":1260,"w":112,"h":204}},{"type":"object","tile":{"x":-3,"y":-3},"screen":{"x":577,"y":0},"coords":{"x":2212,"y":238,"w":63,"h":217}},{"type":"object","tile":{"x":-2,"y":-6},"screen":{"x":410,"y":11},"coords":{"x":2212,"y":1606,"w":84,"h":177}},{"type":"object","tile":{"x":-2,"y":-5},"screen":{"x":425,"y":0},"coords":{"x":1867,"y":452,"w":103,"h":194}},{"type":"object","tile":{"x":-2,"y":-4},"screen":{"x":445,"y":0},"coords":{"x":1762,"y":1674,"w":132,"h":204}},{"type":"object","tile":{"x":-2,"y":-3},"screen":{"x":474,"y":0},"coords":{"x":1104,"y":589,"w":166,"h":220}},{"type":"object","tile":{"x":-2,"y":-2},"screen":{"x":523,"y":0},"coords":{"x":1472,"y":420,"w":117,"h":251}},{"type":"object","tile":{"x":-2,"y":-1},"screen":{"x":615,"y":0},"coords":{"x":2365,"y":611,"w":25,"h":259}},{"type":"object","tile":{"x":-1,"y":-6},"screen":{"x":350,"y":11},"coords":{"x":2521,"y":1659,"w":75,"h":177}},{"type":"object","tile":{"x":-1,"y":-5},"screen":{"x":355,"y":0},"coords":{"x":1990,"y":1134,"w":90,"h":194}},{"type":"object","tile":{"x":-1,"y":-4},"screen":{"x":362,"y":0},"coords":{"x":1742,"y":1260,"w":112,"h":204}},{"type":"object","tile":{"x":-1,"y":-3},"screen":{"x":371,"y":0},"coords":{"x":1303,"y":339,"w":152,"h":220}},{"type":"object","tile":{"x":-1,"y":-2},"screen":{"x":388,"y":0},"coords":{"x":588,"y":273,"w":227,"h":251}},{"type":"object","tile":{"x":-1,"y":-1},"screen":{"x":418,"y":0},"coords":{"x":363,"y":35,"w":222,"h":333}},{"type":"object","tile":{"x":-1,"y":0},"screen":{"x":500,"y":0},"coords":{"x":818,"y":1325,"w":140,"h":360}},{"type":"object","tile":{"x":0,"y":-6},"screen":{"x":285,"y":11},"coords":{"x":2750,"y":1659,"w":70,"h":177}},{"type":"object","tile":{"x":0,"y":-5},"screen":{"x":278,"y":0},"coords":{"x":2097,"y":513,"w":84,"h":194}},{"type":"object","tile":{"x":0,"y":-4},"screen":{"x":269,"y":0},"coords":{"x":1877,"y":1467,"w":102,"h":204}},{"type":"object","tile":{"x":0,"y":-3},"screen":{"x":252,"y":0},"coords":{"x":961,"y":739,"w":136,"h":220}},{"type":"object","tile":{"x":0,"y":-2},"screen":{"x":222,"y":0},"coords":{"x":1104,"y":1035,"w":196,"h":251}},{"type":"object","tile":{"x":0,"y":-1},"screen":{"x":140,"y":0},"coords":{"x":0,"y":1379,"w":360,"h":333}},{"type":"object","tile":{"x":1,"y":-6},"screen":{"x":215,"y":11},"coords":{"x":2599,"y":1659,"w":75,"h":177}},{"type":"object","tile":{"x":1,"y":-5},"screen":{"x":195,"y":0},"coords":{"x":1990,"y":937,"w":90,"h":194}},{"type":"object","tile":{"x":1,"y":-4},"screen":{"x":166,"y":0},"coords":{"x":1627,"y":1053,"w":112,"h":204}},{"type":"object","tile":{"x":1,"y":-3},"screen":{"x":117,"y":0},"coords":{"x":1303,"y":785,"w":152,"h":220}},{"type":"object","tile":{"x":1,"y":-2},"screen":{"x":25,"y":0},"coords":{"x":588,"y":1035,"w":227,"h":251}},{"type":"object","tile":{"x":1,"y":-1},"screen":{"x":0,"y":0},"coords":{"x":363,"y":707,"w":222,"h":333}},{"type":"object","tile":{"x":1,"y":0},"screen":{"x":0,"y":0},"coords":{"x":818,"y":1688,"w":140,"h":360}},{"type":"object","tile":{"x":2,"y":-6},"screen":{"x":146,"y":11},"coords":{"x":2212,"y":1246,"w":84,"h":177}},{"type":"object","tile":{"x":2,"y":-5},"screen":{"x":112,"y":0},"coords":{"x":1868,"y":88,"w":103,"h":194}},{"type":"object","tile":{"x":2,"y":-4},"screen":{"x":63,"y":0},"coords":{"x":1627,"y":1674,"w":132,"h":204}},{"type":"object","tile":{"x":2,"y":-3},"screen":{"x":0,"y":0},"coords":{"x":1104,"y":366,"w":166,"h":220}},{"type":"object","tile":{"x":2,"y":-2},"screen":{"x":0,"y":0},"coords":{"x":225,"y":117,"w":117,"h":251}},{"type":"object","tile":{"x":2,"y":-1},"screen":{"x":0,"y":0},"coords":{"x":2327,"y":357,"w":25,"h":259}},{"type":"object","tile":{"x":3,"y":-6},"screen":{"x":76,"y":11},"coords":{"x":1990,"y":20,"w":94,"h":177}},{"type":"object","tile":{"x":3,"y":-5},"screen":{"x":29,"y":0},"coords":{"x":1747,"y":649,"w":117,"h":194}},{"type":"object","tile":{"x":3,"y":-4},"screen":{"x":0,"y":0},"coords":{"x":1857,"y":1053,"w":112,"h":204}},{"type":"object","tile":{"x":3,"y":-3},"screen":{"x":0,"y":0},"coords":{"x":2299,"y":1619,"w":63,"h":217}},{"type":"object","tile":{"x":4,"y":-6},"screen":{"x":6,"y":11},"coords":{"x":1990,"y":1871,"w":104,"h":177}},{"type":"object","tile":{"x":4,"y":-5},"screen":{"x":0,"y":0},"coords":{"x":2212,"y":458,"w":76,"h":194}},{"type":"object","tile":{"x":4,"y":-4},"screen":{"x":0,"y":0},"coords":{"x":1592,"y":727,"w":29,"h":198}}]},{"id":2,"name":"boundarywalls","mode":2,"type":"object","tiles":[{"type":"object","tile":{"x":-4,"y":-6},"screen":{"x":530,"y":83},"coords":{"x":3122,"y":1858,"w":104,"h":105}},{"type":"object","tile":{"x":-4,"y":-5},"screen":{"x":564,"y":70},"coords":{"x":2902,"y":1712,"w":76,"h":124}},{"type":"object","tile":{"x":-4,"y":-4},"screen":{"x":611,"y":61},"coords":{"x":3819,"y":1699,"w":29,"h":137}},{"type":"object","tile":{"x":-3,"y":-6},"screen":{"x":470,"y":83},"coords":{"x":3908,"y":1858,"w":94,"h":105}},{"type":"object","tile":{"x":-3,"y":-5},"screen":{"x":494,"y":70},"coords":{"x":1104,"y":16,"w":117,"h":124}},{"type":"object","tile":{"x":-3,"y":-4},"screen":{"x":528,"y":50},"coords":{"x":2097,"y":1809,"w":112,"h":154}},{"type":"object","tile":{"x":-3,"y":-3},"screen":{"x":577,"y":25},"coords":{"x":2299,"y":1204,"w":63,"h":192}},{"type":"object","tile":{"x":-2,"y":-6},"screen":{"x":410,"y":83},"coords":{"x":3242,"y":1731,"w":84,"h":105}},{"type":"object","tile":{"x":-2,"y":-5},"screen":{"x":425,"y":70},"coords":{"x":2419,"y":1839,"w":103,"h":124}},{"type":"object","tile":{"x":-2,"y":-4},"screen":{"x":445,"y":50},"coords":{"x":1627,"y":128,"w":132,"h":154}},{"type":"object","tile":{"x":-2,"y":-3},"screen":{"x":474,"y":18},"coords":{"x":1303,"y":1436,"w":166,"h":202}},{"type":"object","tile":{"x":-2,"y":-2},"screen":{"x":523,"y":0},"coords":{"x":225,"y":453,"w":117,"h":251}},{"type":"object","tile":{"x":-2,"y":-1},"screen":{"x":615,"y":0},"coords":{"x":2365,"y":1397,"w":25,"h":259}},{"type":"object","tile":{"x":-1,"y":-6},"screen":{"x":350,"y":83},"coords":{"x":3407,"y":1731,"w":75,"h":105}},{"type":"object","tile":{"x":-1,"y":-5},"screen":{"x":355,"y":70},"coords":{"x":2843,"y":1839,"w":90,"h":124}},{"type":"object","tile":{"x":-1,"y":-4},"screen":{"x":362,"y":50},"coords":{"x":2097,"y":1652,"w":112,"h":154}},{"type":"object","tile":{"x":-1,"y":-3},"screen":{"x":371,"y":18},"coords":{"x":1472,"y":1436,"w":152,"h":202}},{"type":"object","tile":{"x":-1,"y":-2},"screen":{"x":388,"y":0},"coords":{"x":588,"y":1797,"w":227,"h":251}},{"type":"object","tile":{"x":-1,"y":-1},"screen":{"x":418,"y":0},"coords":{"x":0,"y":371,"w":222,"h":333}},{"type":"object","tile":{"x":-1,"y":0},"screen":{"x":500,"y":0},"coords":{"x":818,"y":962,"w":140,"h":360}},{"type":"object","tile":{"x":0,"y":-6},"screen":{"x":285,"y":83},"coords":{"x":3714,"y":1731,"w":70,"h":105}},{"type":"object","tile":{"x":0,"y":-5},"screen":{"x":278,"y":70},"coords":{"x":3443,"y":1839,"w":84,"h":124}},{"type":"object","tile":{"x":0,"y":-4},"screen":{"x":269,"y":50},"coords":{"x":2097,"y":159,"w":102,"h":154}},{"type":"object","tile":{"x":0,"y":-3},"screen":{"x":252,"y":18},"coords":{"x":961,"y":26,"w":136,"h":202}},{"type":"object","tile":{"x":0,"y":-2},"screen":{"x":222,"y":0},"coords":{"x":1104,"y":1543,"w":196,"h":251}},{"type":"object","tile":{"x":0,"y":-1},"screen":{"x":140,"y":0},"coords":{"x":0,"y":707,"w":360,"h":333}},{"type":"object","tile":{"x":1,"y":-6},"screen":{"x":215,"y":83},"coords":{"x":3329,"y":1731,"w":75,"h":105}},{"type":"object","tile":{"x":1,"y":-5},"screen":{"x":195,"y":70},"coords":{"x":1897,"y":315,"w":90,"h":124}},{"type":"object","tile":{"x":1,"y":-4},"screen":{"x":166,"y":50},"coords":{"x":2097,"y":710,"w":112,"h":154}},{"type":"object","tile":{"x":1,"y":-3},"screen":{"x":117,"y":18},"coords":{"x":1303,"y":134,"w":152,"h":202}},{"type":"object","tile":{"x":1,"y":-2},"screen":{"x":25,"y":0},"coords":{"x":588,"y":19,"w":227,"h":251}},{"type":"object","tile":{"x":1,"y":-1},"screen":{"x":0,"y":0},"coords":{"x":363,"y":1043,"w":222,"h":333}},{"type":"object","tile":{"x":1,"y":0},"screen":{"x":0,"y":0},"coords":{"x":961,"y":1688,"w":140,"h":360}},{"type":"object","tile":{"x":2,"y":-6},"screen":{"x":146,"y":83},"coords":{"x":3155,"y":1731,"w":84,"h":105}},{"type":"object","tile":{"x":2,"y":-5},"screen":{"x":112,"y":70},"coords":{"x":2631,"y":1839,"w":103,"h":124}},{"type":"object","tile":{"x":2,"y":-4},"screen":{"x":63,"y":50},"coords":{"x":1627,"y":285,"w":132,"h":154}},{"type":"object","tile":{"x":2,"y":-3},"screen":{"x":0,"y":18},"coords":{"x":1303,"y":1846,"w":166,"h":202}},{"type":"object","tile":{"x":2,"y":-2},"screen":{"x":0,"y":0},"coords":{"x":1472,"y":674,"w":117,"h":251}},{"type":"object","tile":{"x":2,"y":-1},"screen":{"x":0,"y":0},"coords":{"x":2299,"y":357,"w":25,"h":259}},{"type":"object","tile":{"x":3,"y":-6},"screen":{"x":76,"y":83},"coords":{"x":3617,"y":1858,"w":94,"h":105}},{"type":"object","tile":{"x":3,"y":-5},"screen":{"x":29,"y":70},"coords":{"x":1627,"y":1,"w":117,"h":124}},{"type":"object","tile":{"x":3,"y":-4},"screen":{"x":0,"y":50},"coords":{"x":2097,"y":1181,"w":112,"h":154}},{"type":"object","tile":{"x":3,"y":-3},"screen":{"x":0,"y":25},"coords":{"x":2299,"y":1009,"w":63,"h":192}},{"type":"object","tile":{"x":4,"y":-6},"screen":{"x":6,"y":83},"coords":{"x":225,"y":9,"w":104,"h":105}},{"type":"object","tile":{"x":4,"y":-5},"screen":{"x":0,"y":70},"coords":{"x":4005,"y":1839,"w":76,"h":124}},{"type":"object","tile":{"x":4,"y":-4},"screen":{"x":0,"y":61},"coords":{"x":3851,"y":1699,"w":29,"h":137}}]},{"id":3,"name":"city-ground-1","mode":2,"type":"ground","tiles":[{"type":"ground","tile":{"x":-4,"y":-6},"screen":{"x":535,"y":183},"coords":{"x":3122,"y":1850,"w":98,"h":5}},{"type":"ground","tile":{"x":-4,"y":-5},"screen":{"x":570,"y":188},"coords":{"x":3329,"y":1982,"w":70,"h":6}},{"type":"ground","tile":{"x":-4,"y":-4},"screen":{"x":612,"y":194},"coords":{"x":332,"y":52,"w":28,"h":4}},{"type":"ground","tile":{"x":-3,"y":-6},"screen":{"x":474,"y":183},"coords":{"x":3336,"y":1850,"w":89,"h":5}},{"type":"ground","tile":{"x":-3,"y":-5},"screen":{"x":499,"y":188},"coords":{"x":2506,"y":1650,"w":106,"h":6}},{"type":"ground","tile":{"x":-3,"y":-4},"screen":{"x":529,"y":194},"coords":{"x":1868,"y":28,"w":111,"h":10}},{"type":"ground","tile":{"x":-3,"y":-3},"screen":{"x":579,"y":204},"coords":{"x":1762,"y":30,"w":61,"h":13}},{"type":"ground","tile":{"x":-2,"y":-6},"screen":{"x":412,"y":183},"coords":{"x":4008,"y":1974,"w":82,"h":5}},{"type":"ground","tile":{"x":-2,"y":-5},"screen":{"x":427,"y":188},"coords":{"x":225,"y":0,"w":97,"h":6}},{"type":"ground","tile":{"x":-2,"y":-4},"screen":{"x":445,"y":194},"coords":{"x":3410,"y":1970,"w":129,"h":10}},{"type":"ground","tile":{"x":-2,"y":-3},"screen":{"x":475,"y":204},"coords":{"x":3161,"y":1972,"w":165,"h":16}},{"type":"ground","tile":{"x":-2,"y":-2},"screen":{"x":523,"y":220},"coords":{"x":1868,"y":54,"w":117,"h":31}},{"type":"ground","tile":{"x":-2,"y":-1},"screen":{"x":616,"y":251},"coords":{"x":332,"y":84,"w":24,"h":8}},{"type":"ground","tile":{"x":-1,"y":-6},"screen":{"x":351,"y":183},"coords":{"x":3617,"y":1842,"w":73,"h":5}},{"type":"ground","tile":{"x":-1,"y":-5},"screen":{"x":356,"y":188},"coords":{"x":1897,"y":1675,"w":86,"h":6}},{"type":"ground","tile":{"x":-1,"y":-4},"screen":{"x":362,"y":194},"coords":{"x":1868,"y":15,"w":110,"h":10}},{"type":"ground","tile":{"x":-1,"y":-3},"screen":{"x":372,"y":204},"coords":{"x":3915,"y":1722,"w":148,"h":16}},{"type":"ground","tile":{"x":-1,"y":-2},"screen":{"x":388,"y":220},"coords":{"x":3410,"y":1983,"w":225,"h":31}},{"type":"ground","tile":{"x":-1,"y":-1},"screen":{"x":419,"y":251},"coords":{"x":2097,"y":1966,"w":221,"h":82}},{"type":"ground","tile":{"x":-1,"y":0},"screen":{"x":501,"y":333},"coords":{"x":3915,"y":1809,"w":139,"h":27}},{"type":"ground","tile":{"x":0,"y":-6},"screen":{"x":285,"y":183},"coords":{"x":3714,"y":1850,"w":70,"h":5}},{"type":"ground","tile":{"x":0,"y":-5},"screen":{"x":279,"y":188},"coords":{"x":4008,"y":2024,"w":82,"h":6}},{"type":"ground","tile":{"x":0,"y":-4},"screen":{"x":269,"y":194},"coords":{"x":1762,"y":62,"w":102,"h":10}},{"type":"ground","tile":{"x":0,"y":-3},"screen":{"x":253,"y":204},"coords":{"x":961,"y":7,"w":134,"h":16}},{"type":"ground","tile":{"x":0,"y":-2},"screen":{"x":222,"y":220},"coords":{"x":363,"y":1,"w":196,"h":31}},{"type":"ground","tile":{"x":0,"y":-1},"screen":{"x":140,"y":251},"coords":{"x":1627,"y":1881,"w":360,"h":82}},{"type":"ground","tile":{"x":0,"y":0},"screen":{"x":113,"y":333},"coords":{"x":2993,"y":2021,"w":414,"h":27}},{"type":"ground","tile":{"x":1,"y":-6},"screen":{"x":216,"y":183},"coords":{"x":3617,"y":1850,"w":73,"h":5}},{"type":"ground","tile":{"x":1,"y":-5},"screen":{"x":198,"y":188},"coords":{"x":3542,"y":1974,"w":86,"h":6}},{"type":"ground","tile":{"x":1,"y":-4},"screen":{"x":168,"y":194},"coords":{"x":3915,"y":1671,"w":110,"h":10}},{"type":"ground","tile":{"x":1,"y":-3},"screen":{"x":120,"y":204},"coords":{"x":3915,"y":1741,"w":148,"h":16}},{"type":"ground","tile":{"x":1,"y":-2},"screen":{"x":27,"y":220},"coords":{"x":3410,"y":2017,"w":225,"h":31}},{"type":"ground","tile":{"x":1,"y":-1},"screen":{"x":0,"y":251},"coords":{"x":2545,"y":1966,"w":221,"h":82}},{"type":"ground","tile":{"x":1,"y":0},"screen":{"x":0,"y":333},"coords":{"x":3866,"y":1991,"w":139,"h":27}},{"type":"ground","tile":{"x":2,"y":-6},"screen":{"x":146,"y":183},"coords":{"x":4008,"y":1998,"w":82,"h":5}},{"type":"ground","tile":{"x":2,"y":-5},"screen":{"x":116,"y":188},"coords":{"x":1990,"y":11,"w":97,"h":6}},{"type":"ground","tile":{"x":2,"y":-4},"screen":{"x":66,"y":194},"coords":{"x":3638,"y":1970,"w":129,"h":10}},{"type":"ground","tile":{"x":2,"y":-3},"screen":{"x":0,"y":204},"coords":{"x":2993,"y":1972,"w":165,"h":16}},{"type":"ground","tile":{"x":2,"y":-2},"screen":{"x":0,"y":220},"coords":{"x":225,"y":385,"w":117,"h":31}},{"type":"ground","tile":{"x":2,"y":-1},"screen":{"x":0,"y":251},"coords":{"x":332,"y":95,"w":24,"h":8}},{"type":"ground","tile":{"x":3,"y":-6},"screen":{"x":77,"y":183},"coords":{"x":3542,"y":1966,"w":89,"h":5}},{"type":"ground","tile":{"x":3,"y":-5},"screen":{"x":35,"y":188},"coords":{"x":1742,"y":847,"w":106,"h":6}},{"type":"ground","tile":{"x":3,"y":-4},"screen":{"x":0,"y":194},"coords":{"x":225,"y":372,"w":111,"h":10}},{"type":"ground","tile":{"x":3,"y":-3},"screen":{"x":0,"y":204},"coords":{"x":1224,"y":0,"w":61,"h":13}},{"type":"ground","tile":{"x":4,"y":-6},"screen":{"x":7,"y":183},"coords":{"x":3229,"y":1850,"w":98,"h":5}},{"type":"ground","tile":{"x":4,"y":-5},"screen":{"x":0,"y":188},"coords":{"x":4008,"y":2006,"w":70,"h":6}},{"type":"ground","tile":{"x":4,"y":-4},"screen":{"x":0,"y":194},"coords":{"x":332,"y":45,"w":28,"h":4}}]},{"id":4,"name":"city-ground-2","mode":2,"type":"ground","tiles":[{"type":"ground","tile":{"x":-4,"y":-6},"screen":{"x":535,"y":183},"coords":{"x":1472,"y":0,"w":98,"h":5}},{"type":"ground","tile":{"x":-4,"y":-5},"screen":{"x":570,"y":188},"coords":{"x":4008,"y":2015,"w":70,"h":6}},{"type":"ground","tile":{"x":-4,"y":-4},"screen":{"x":612,"y":194},"coords":{"x":332,"y":59,"w":28,"h":4}},{"type":"ground","tile":{"x":-3,"y":-6},"screen":{"x":474,"y":183},"coords":{"x":3229,"y":1842,"w":89,"h":5}},{"type":"ground","tile":{"x":-3,"y":-5},"screen":{"x":499,"y":188},"coords":{"x":3915,"y":1662,"w":106,"h":6}},{"type":"ground","tile":{"x":-3,"y":-4},"screen":{"x":529,"y":194},"coords":{"x":1868,"y":41,"w":111,"h":10}},{"type":"ground","tile":{"x":-3,"y":-3},"screen":{"x":579,"y":204},"coords":{"x":1762,"y":46,"w":61,"h":13}},{"type":"ground","tile":{"x":-2,"y":-6},"screen":{"x":412,"y":183},"coords":{"x":4008,"y":1990,"w":82,"h":5}},{"type":"ground","tile":{"x":-2,"y":-5},"screen":{"x":427,"y":188},"coords":{"x":1867,"y":443,"w":97,"h":6}},{"type":"ground","tile":{"x":-2,"y":-4},"screen":{"x":445,"y":194},"coords":{"x":818,"y":0,"w":129,"h":10}},{"type":"ground","tile":{"x":-2,"y":-3},"screen":{"x":475,"y":204},"coords":{"x":588,"y":0,"w":165,"h":16}},{"type":"ground","tile":{"x":-2,"y":-2},"screen":{"x":523,"y":220},"coords":{"x":225,"y":419,"w":117,"h":31}},{"type":"ground","tile":{"x":-2,"y":-1},"screen":{"x":616,"y":251},"coords":{"x":332,"y":73,"w":24,"h":8}},{"type":"ground","tile":{"x":-1,"y":-6},"screen":{"x":351,"y":183},"coords":{"x":4008,"y":1966,"w":73,"h":5}},{"type":"ground","tile":{"x":-1,"y":-5},"screen":{"x":356,"y":188},"coords":{"x":4008,"y":2042,"w":86,"h":6}},{"type":"ground","tile":{"x":-1,"y":-4},"screen":{"x":362,"y":194},"coords":{"x":1868,"y":2,"w":110,"h":10}},{"type":"ground","tile":{"x":-1,"y":-3},"screen":{"x":372,"y":204},"coords":{"x":3915,"y":1684,"w":148,"h":16}},{"type":"ground","tile":{"x":-1,"y":-2},"screen":{"x":388,"y":220},"coords":{"x":3638,"y":2017,"w":225,"h":31}},{"type":"ground","tile":{"x":-1,"y":-1},"screen":{"x":419,"y":251},"coords":{"x":2321,"y":1966,"w":221,"h":82}},{"type":"ground","tile":{"x":-1,"y":0},"screen":{"x":501,"y":333},"coords":{"x":3866,"y":2021,"w":139,"h":27}},{"type":"ground","tile":{"x":0,"y":-6},"screen":{"x":285,"y":183},"coords":{"x":3714,"y":1842,"w":70,"h":5}},{"type":"ground","tile":{"x":0,"y":-5},"screen":{"x":279,"y":188},"coords":{"x":4008,"y":2033,"w":82,"h":6}},{"type":"ground","tile":{"x":0,"y":-4},"screen":{"x":269,"y":194},"coords":{"x":1762,"y":75,"w":102,"h":10}},{"type":"ground","tile":{"x":0,"y":-3},"screen":{"x":253,"y":204},"coords":{"x":3866,"y":1972,"w":134,"h":16}},{"type":"ground","tile":{"x":0,"y":-2},"screen":{"x":222,"y":220},"coords":{"x":0,"y":1,"w":196,"h":31}},{"type":"ground","tile":{"x":0,"y":-1},"screen":{"x":140,"y":251},"coords":{"x":1627,"y":1966,"w":360,"h":82}},{"type":"ground","tile":{"x":0,"y":0},"screen":{"x":113,"y":333},"coords":{"x":2993,"y":1991,"w":414,"h":27}},{"type":"ground","tile":{"x":1,"y":-6},"screen":{"x":216,"y":183},"coords":{"x":3336,"y":1842,"w":73,"h":5}},{"type":"ground","tile":{"x":1,"y":-5},"screen":{"x":198,"y":188},"coords":{"x":3770,"y":1974,"w":86,"h":6}},{"type":"ground","tile":{"x":1,"y":-4},"screen":{"x":168,"y":194},"coords":{"x":2393,"y":1646,"w":110,"h":10}},{"type":"ground","tile":{"x":1,"y":-3},"screen":{"x":120,"y":204},"coords":{"x":3915,"y":1703,"w":148,"h":16}},{"type":"ground","tile":{"x":1,"y":-2},"screen":{"x":27,"y":220},"coords":{"x":3638,"y":1983,"w":225,"h":31}},{"type":"ground","tile":{"x":1,"y":-1},"screen":{"x":0,"y":251},"coords":{"x":2769,"y":1966,"w":221,"h":82}},{"type":"ground","tile":{"x":1,"y":0},"screen":{"x":0,"y":333},"coords":{"x":3915,"y":1779,"w":139,"h":27}},{"type":"ground","tile":{"x":2,"y":-6},"screen":{"x":146,"y":183},"coords":{"x":4008,"y":1982,"w":82,"h":5}},{"type":"ground","tile":{"x":2,"y":-5},"screen":{"x":116,"y":188},"coords":{"x":1990,"y":2,"w":97,"h":6}},{"type":"ground","tile":{"x":2,"y":-4},"screen":{"x":66,"y":194},"coords":{"x":1732,"y":445,"w":129,"h":10}},{"type":"ground","tile":{"x":2,"y":-3},"screen":{"x":0,"y":204},"coords":{"x":3915,"y":1760,"w":165,"h":16}},{"type":"ground","tile":{"x":2,"y":-2},"screen":{"x":0,"y":220},"coords":{"x":1732,"y":458,"w":117,"h":31}},{"type":"ground","tile":{"x":2,"y":-1},"screen":{"x":0,"y":251},"coords":{"x":332,"y":106,"w":24,"h":8}},{"type":"ground","tile":{"x":3,"y":-6},"screen":{"x":77,"y":183},"coords":{"x":3770,"y":1966,"w":89,"h":5}},{"type":"ground","tile":{"x":3,"y":-5},"screen":{"x":35,"y":188},"coords":{"x":1862,"y":847,"w":106,"h":6}},{"type":"ground","tile":{"x":3,"y":-4},"screen":{"x":0,"y":194},"coords":{"x":1104,"y":3,"w":111,"h":10}},{"type":"ground","tile":{"x":3,"y":-3},"screen":{"x":0,"y":204},"coords":{"x":1897,"y":299,"w":61,"h":13}},{"type":"ground","tile":{"x":4,"y":-6},"screen":{"x":7,"y":183},"coords":{"x":3122,"y":1842,"w":98,"h":5}},{"type":"ground","tile":{"x":4,"y":-5},"screen":{"x":0,"y":188},"coords":{"x":3329,"y":1973,"w":70,"h":6}},{"type":"ground","tile":{"x":4,"y":-4},"screen":{"x":0,"y":194},"coords":{"x":332,"y":66,"w":28,"h":4}}]},{"id":5,"name":"door","mode":2,"type":"object","tiles":[{"type":"object","tile":{"x":-4,"y":-6},"screen":{"x":530,"y":11},"coords":{"x":1990,"y":1331,"w":104,"h":177}},{"type":"object","tile":{"x":-4,"y":-5},"screen":{"x":564,"y":0},"coords":{"x":2212,"y":655,"w":76,"h":194}},{"type":"object","tile":{"x":-4,"y":-4},"screen":{"x":611,"y":0},"coords":{"x":1592,"y":1235,"w":29,"h":198}},{"type":"object","tile":{"x":-3,"y":-6},"screen":{"x":470,"y":11},"coords":{"x":1990,"y":560,"w":94,"h":177}},{"type":"object","tile":{"x":-3,"y":-5},"screen":{"x":494,"y":0},"coords":{"x":1742,"y":856,"w":117,"h":194}},{"type":"object","tile":{"x":-3,"y":-4},"screen":{"x":528,"y":0},"coords":{"x":1742,"y":1053,"w":112,"h":204}},{"type":"object","tile":{"x":-3,"y":-3},"screen":{"x":577,"y":0},"coords":{"x":2299,"y":1399,"w":63,"h":217}},{"type":"object","tile":{"x":-2,"y":-6},"screen":{"x":410,"y":11},"coords":{"x":2212,"y":1426,"w":84,"h":177}},{"type":"object","tile":{"x":-2,"y":-5},"screen":{"x":425,"y":0},"coords":{"x":1762,"y":88,"w":103,"h":194}},{"type":"object","tile":{"x":-2,"y":-4},"screen":{"x":445,"y":0},"coords":{"x":1627,"y":1467,"w":132,"h":204}},{"type":"object","tile":{"x":-2,"y":-3},"screen":{"x":474,"y":0},"coords":{"x":1104,"y":812,"w":166,"h":220}},{"type":"object","tile":{"x":-2,"y":-2},"screen":{"x":523,"y":0},"coords":{"x":1472,"y":928,"w":117,"h":251}},{"type":"object","tile":{"x":-2,"y":-1},"screen":{"x":615,"y":0},"coords":{"x":2299,"y":95,"w":25,"h":259}},{"type":"object","tile":{"x":-1,"y":-6},"screen":{"x":350,"y":11},"coords":{"x":2365,"y":1659,"w":75,"h":177}},{"type":"object","tile":{"x":-1,"y":-5},"screen":{"x":355,"y":0},"coords":{"x":1990,"y":740,"w":90,"h":194}},{"type":"object","tile":{"x":-1,"y":-4},"screen":{"x":362,"y":0},"coords":{"x":1627,"y":846,"w":112,"h":204}},{"type":"object","tile":{"x":-1,"y":-3},"screen":{"x":371,"y":0},"coords":{"x":1303,"y":1008,"w":152,"h":220}},{"type":"object","tile":{"x":-1,"y":-2},"screen":{"x":388,"y":0},"coords":{"x":588,"y":1543,"w":227,"h":251}},{"type":"object","tile":{"x":-1,"y":-1},"screen":{"x":418,"y":0},"coords":{"x":363,"y":1379,"w":222,"h":333}},{"type":"object","tile":{"x":-1,"y":0},"screen":{"x":500,"y":0},"coords":{"x":961,"y":1325,"w":140,"h":360}},{"type":"object","tile":{"x":0,"y":-6},"screen":{"x":285,"y":11},"coords":{"x":2677,"y":1659,"w":70,"h":177}},{"type":"object","tile":{"x":0,"y":-5},"screen":{"x":278,"y":0},"coords":{"x":2097,"y":316,"w":84,"h":194}},{"type":"object","tile":{"x":0,"y":-4},"screen":{"x":269,"y":0},"coords":{"x":1627,"y":442,"w":102,"h":204}},{"type":"object","tile":{"x":0,"y":-3},"screen":{"x":252,"y":0},"coords":{"x":818,"y":13,"w":136,"h":220}},{"type":"object","tile":{"x":0,"y":-2},"screen":{"x":222,"y":0},"coords":{"x":1104,"y":1289,"w":196,"h":251}},{"type":"object","tile":{"x":0,"y":-1},"screen":{"x":140,"y":0},"coords":{"x":0,"y":1043,"w":360,"h":333}},{"type":"object","tile":{"x":1,"y":-6},"screen":{"x":215,"y":11},"coords":{"x":2443,"y":1659,"w":75,"h":177}},{"type":"object","tile":{"x":1,"y":-5},"screen":{"x":195,"y":0},"coords":{"x":1897,"y":1684,"w":90,"h":194}},{"type":"object","tile":{"x":1,"y":-4},"screen":{"x":166,"y":0},"coords":{"x":1762,"y":1467,"w":112,"h":204}},{"type":"object","tile":{"x":1,"y":-3},"screen":{"x":117,"y":0},"coords":{"x":1303,"y":562,"w":152,"h":220}},{"type":"object","tile":{"x":1,"y":-2},"screen":{"x":25,"y":0},"coords":{"x":588,"y":527,"w":227,"h":251}},{"type":"object","tile":{"x":1,"y":-1},"screen":{"x":0,"y":0},"coords":{"x":0,"y":35,"w":222,"h":333}},{"type":"object","tile":{"x":1,"y":0},"screen":{"x":0,"y":0},"coords":{"x":818,"y":236,"w":140,"h":360}},{"type":"object","tile":{"x":2,"y":-6},"screen":{"x":146,"y":11},"coords":{"x":2212,"y":1786,"w":84,"h":177}},{"type":"object","tile":{"x":2,"y":-5},"screen":{"x":112,"y":0},"coords":{"x":1867,"y":649,"w":103,"h":194}},{"type":"object","tile":{"x":2,"y":-4},"screen":{"x":63,"y":0},"coords":{"x":1472,"y":8,"w":132,"h":204}},{"type":"object","tile":{"x":2,"y":-3},"screen":{"x":0,"y":0},"coords":{"x":1104,"y":143,"w":166,"h":220}},{"type":"object","tile":{"x":2,"y":-2},"screen":{"x":0,"y":0},"coords":{"x":961,"y":485,"w":117,"h":251}},{"type":"object","tile":{"x":2,"y":-1},"screen":{"x":0,"y":0},"coords":{"x":2365,"y":873,"w":25,"h":259}},{"type":"object","tile":{"x":3,"y":-6},"screen":{"x":76,"y":11},"coords":{"x":1990,"y":200,"w":94,"h":177}},{"type":"object","tile":{"x":3,"y":-5},"screen":{"x":29,"y":0},"coords":{"x":1862,"y":856,"w":117,"h":194}},{"type":"object","tile":{"x":3,"y":-4},"screen":{"x":0,"y":0},"coords":{"x":1857,"y":1260,"w":112,"h":204}},{"type":"object","tile":{"x":3,"y":-3},"screen":{"x":0,"y":0},"coords":{"x":2212,"y":18,"w":63,"h":217}},{"type":"object","tile":{"x":4,"y":-6},"screen":{"x":6,"y":11},"coords":{"x":1990,"y":1691,"w":104,"h":177}},{"type":"object","tile":{"x":4,"y":-5},"screen":{"x":0,"y":0},"coords":{"x":2212,"y":1049,"w":76,"h":194}},{"type":"object","tile":{"x":4,"y":-4},"screen":{"x":0,"y":0},"coords":{"x":1592,"y":473,"w":29,"h":198}}]},{"id":6,"name":"gate","mode":2,"type":"object","tiles":[{"type":"object","tile":{"x":-4,"y":-6},"screen":{"x":530,"y":83},"coords":{"x":3229,"y":1858,"w":104,"h":105}},{"type":"object","tile":{"x":-4,"y":-5},"screen":{"x":564,"y":70},"coords":{"x":1224,"y":16,"w":76,"h":124}},{"type":"object","tile":{"x":-4,"y":-4},"screen":{"x":611,"y":61},"coords":{"x":3787,"y":1699,"w":29,"h":137}},{"type":"object","tile":{"x":-3,"y":-6},"screen":{"x":470,"y":83},"coords":{"x":3714,"y":1858,"w":94,"h":105}},{"type":"object","tile":{"x":-3,"y":-5},"screen":{"x":494,"y":70},"coords":{"x":1303,"y":7,"w":117,"h":124}},{"type":"object","tile":{"x":-3,"y":-4},"screen":{"x":528,"y":50},"coords":{"x":2097,"y":867,"w":112,"h":154}},{"type":"object","tile":{"x":-3,"y":-3},"screen":{"x":577,"y":25},"coords":{"x":2299,"y":814,"w":63,"h":192}},{"type":"object","tile":{"x":-2,"y":-6},"screen":{"x":410,"y":83},"coords":{"x":3068,"y":1731,"w":84,"h":105}},{"type":"object","tile":{"x":-2,"y":-5},"screen":{"x":425,"y":70},"coords":{"x":2737,"y":1839,"w":103,"h":124}},{"type":"object","tile":{"x":-2,"y":-4},"screen":{"x":445,"y":50},"coords":{"x":1762,"y":285,"w":132,"h":154}},{"type":"object","tile":{"x":-2,"y":-3},"screen":{"x":474,"y":18},"coords":{"x":1303,"y":1641,"w":166,"h":202}},{"type":"object","tile":{"x":-2,"y":-2},"screen":{"x":523,"y":0},"coords":{"x":961,"y":231,"w":117,"h":251}},{"type":"object","tile":{"x":-2,"y":-1},"screen":{"x":615,"y":0},"coords":{"x":2365,"y":1135,"w":25,"h":259}},{"type":"object","tile":{"x":-1,"y":-6},"screen":{"x":350,"y":83},"coords":{"x":3485,"y":1731,"w":75,"h":105}},{"type":"object","tile":{"x":-1,"y":-5},"screen":{"x":355,"y":70},"coords":{"x":3029,"y":1839,"w":90,"h":124}},{"type":"object","tile":{"x":-1,"y":-4},"screen":{"x":362,"y":50},"coords":{"x":2097,"y":1338,"w":112,"h":154}},{"type":"object","tile":{"x":-1,"y":-3},"screen":{"x":371,"y":18},"coords":{"x":1472,"y":1846,"w":152,"h":202}},{"type":"object","tile":{"x":-1,"y":-2},"screen":{"x":388,"y":0},"coords":{"x":588,"y":1289,"w":227,"h":251}},{"type":"object","tile":{"x":-1,"y":-1},"screen":{"x":418,"y":0},"coords":{"x":363,"y":371,"w":222,"h":333}},{"type":"object","tile":{"x":-1,"y":0},"screen":{"x":500,"y":0},"coords":{"x":818,"y":599,"w":140,"h":360}},{"type":"object","tile":{"x":0,"y":-6},"screen":{"x":285,"y":83},"coords":{"x":3641,"y":1731,"w":70,"h":105}},{"type":"object","tile":{"x":0,"y":-5},"screen":{"x":278,"y":70},"coords":{"x":3530,"y":1839,"w":84,"h":124}},{"type":"object","tile":{"x":0,"y":-4},"screen":{"x":269,"y":50},"coords":{"x":2097,"y":2,"w":102,"h":154}},{"type":"object","tile":{"x":0,"y":-3},"screen":{"x":252,"y":18},"coords":{"x":1472,"y":215,"w":136,"h":202}},{"type":"object","tile":{"x":0,"y":-2},"screen":{"x":222,"y":0},"coords":{"x":1104,"y":1797,"w":196,"h":251}},{"type":"object","tile":{"x":0,"y":-1},"screen":{"x":140,"y":0},"coords":{"x":0,"y":1715,"w":360,"h":333}},{"type":"object","tile":{"x":1,"y":-6},"screen":{"x":215,"y":83},"coords":{"x":3563,"y":1731,"w":75,"h":105}},{"type":"object","tile":{"x":1,"y":-5},"screen":{"x":195,"y":70},"coords":{"x":2936,"y":1839,"w":90,"h":124}},{"type":"object","tile":{"x":1,"y":-4},"screen":{"x":166,"y":50},"coords":{"x":2097,"y":1024,"w":112,"h":154}},{"type":"object","tile":{"x":1,"y":-3},"screen":{"x":117,"y":18},"coords":{"x":1472,"y":1641,"w":152,"h":202}},{"type":"object","tile":{"x":1,"y":-2},"screen":{"x":25,"y":0},"coords":{"x":588,"y":781,"w":227,"h":251}},{"type":"object","tile":{"x":1,"y":-1},"screen":{"x":0,"y":0},"coords":{"x":363,"y":1715,"w":222,"h":333}},{"type":"object","tile":{"x":1,"y":0},"screen":{"x":0,"y":0},"coords":{"x":961,"y":962,"w":140,"h":360}},{"type":"object","tile":{"x":2,"y":-6},"screen":{"x":146,"y":83},"coords":{"x":2981,"y":1731,"w":84,"h":105}},{"type":"object","tile":{"x":2,"y":-5},"screen":{"x":112,"y":70},"coords":{"x":2525,"y":1839,"w":103,"h":124}},{"type":"object","tile":{"x":2,"y":-4},"screen":{"x":63,"y":50},"coords":{"x":1732,"y":492,"w":132,"h":154}},{"type":"object","tile":{"x":2,"y":-3},"screen":{"x":0,"y":18},"coords":{"x":1303,"y":1231,"w":166,"h":202}},{"type":"object","tile":{"x":2,"y":-2},"screen":{"x":0,"y":0},"coords":{"x":1472,"y":1182,"w":117,"h":251}},{"type":"object","tile":{"x":2,"y":-1},"screen":{"x":0,"y":0},"coords":{"x":2327,"y":95,"w":25,"h":259}},{"type":"object","tile":{"x":3,"y":-6},"screen":{"x":76,"y":83},"coords":{"x":3811,"y":1858,"w":94,"h":105}},{"type":"object","tile":{"x":3,"y":-5},"screen":{"x":29,"y":70},"coords":{"x":2299,"y":1839,"w":117,"h":124}},{"type":"object","tile":{"x":3,"y":-4},"screen":{"x":0,"y":50},"coords":{"x":2097,"y":1495,"w":112,"h":154}},{"type":"object","tile":{"x":3,"y":-3},"screen":{"x":0,"y":25},"coords":{"x":2299,"y":619,"w":63,"h":192}},{"type":"object","tile":{"x":4,"y":-6},"screen":{"x":6,"y":83},"coords":{"x":3336,"y":1858,"w":104,"h":105}},{"type":"object","tile":{"x":4,"y":-5},"screen":{"x":0,"y":70},"coords":{"x":2823,"y":1712,"w":76,"h":124}},{"type":"object","tile":{"x":4,"y":-4},"screen":{"x":0,"y":61},"coords":{"x":3883,"y":1699,"w":29,"h":137}}]}]}