{"version":"0.9.3","generated":"13.04.2022 08.24.48","resolution":{"width":640,"height":360},"depth":6,"width":4,"layers":[{"id":1,"name":"walls","mode":2,"type":"object","tiles":[{"type":"object","tile":{"x":-4,"y":-6},"screen":{"x":527,"y":118},"coords":{"x":678,"y":1313,"w":110,"h":70}},{"type":"object","tile":{"x":-4,"y":-5},"screen":{"x":560,"y":111},"coords":{"x":572,"y":66,"w":80,"h":84}},{"type":"object","tile":{"x":-4,"y":-4},"screen":{"x":607,"y":107},"coords":{"x":366,"y":791,"w":33,"h":92}},{"type":"object","tile":{"x":-3,"y":-6},"screen":{"x":466,"y":118},"coords":{"x":572,"y":533,"w":102,"h":70}},{"type":"object","tile":{"x":-3,"y":-5},"screen":{"x":490,"y":111},"coords":{"x":413,"y":391,"w":125,"h":84}},{"type":"object","tile":{"x":-3,"y":-4},"screen":{"x":523,"y":101},"coords":{"x":413,"y":902,"w":117,"h":105}},{"type":"object","tile":{"x":-3,"y":-3},"screen":{"x":572,"y":89},"coords":{"x":339,"y":352,"w":68,"h":128}},{"type":"object","tile":{"x":-2,"y":-6},"screen":{"x":405,"y":118},"coords":{"x":678,"y":1167,"w":94,"h":70}},{"type":"object","tile":{"x":-2,"y":-5},"screen":{"x":419,"y":111},"coords":{"x":413,"y":132,"w":114,"h":84}},{"type":"object","tile":{"x":-2,"y":-4},"screen":{"x":438,"y":101},"coords":{"x":1507,"y":1503,"w":144,"h":105}},{"type":"object","tile":{"x":-2,"y":-3},"screen":{"x":467,"y":85},"coords":{"x":1690,"y":1705,"w":173,"h":138}},{"type":"object","tile":{"x":-2,"y":-2},"screen":{"x":515,"y":54},"coords":{"x":0,"y":41,"w":125,"h":200}},{"type":"object","tile":{"x":-2,"y":-1},"screen":{"x":606,"y":46},"coords":{"x":128,"y":21,"w":34,"h":220}},{"type":"object","tile":{"x":-1,"y":-6},"screen":{"x":344,"y":118},"coords":{"x":678,"y":689,"w":86,"h":70}},{"type":"object","tile":{"x":-1,"y":-5},"screen":{"x":348,"y":111},"coords":{"x":1941,"y":1858,"w":103,"h":84}},{"type":"object","tile":{"x":-1,"y":-4},"screen":{"x":353,"y":101},"coords":{"x":413,"y":1118,"w":128,"h":105}},{"type":"object","tile":{"x":-1,"y":-3},"screen":{"x":361,"y":85},"coords":{"x":167,"y":342,"w":169,"h":138}},{"type":"object","tile":{"x":-1,"y":-2},"screen":{"x":375,"y":54},"coords":{"x":1690,"y":1846,"w":248,"h":202}},{"type":"object","tile":{"x":-1,"y":-1},"screen":{"x":402,"y":0},"coords":{"x":762,"y":1696,"w":238,"h":352}},{"type":"object","tile":{"x":-1,"y":0},"screen":{"x":476,"y":0},"coords":{"x":0,"y":1333,"w":164,"h":360}},{"type":"object","tile":{"x":0,"y":-6},"screen":{"x":279,"y":118},"coords":{"x":678,"y":397,"w":83,"h":70}},{"type":"object","tile":{"x":0,"y":-5},"screen":{"x":271,"y":111},"coords":{"x":572,"y":1040,"w":99,"h":84}},{"type":"object","tile":{"x":0,"y":-4},"screen":{"x":260,"y":101},"coords":{"x":287,"y":234,"w":121,"h":105}},{"type":"object","tile":{"x":0,"y":-3},"screen":{"x":243,"y":85},"coords":{"x":413,"y":1332,"w":156,"h":138}},{"type":"object","tile":{"x":0,"y":-2},"screen":{"x":212,"y":54},"coords":{"x":167,"y":1286,"w":222,"h":202}},{"type":"object","tile":{"x":0,"y":-1},"screen":{"x":125,"y":0},"coords":{"x":0,"y":1696,"w":396,"h":352}},{"type":"object","tile":{"x":1,"y":-6},"screen":{"x":212,"y":118},"coords":{"x":678,"y":616,"w":84,"h":70}},{"type":"object","tile":{"x":1,"y":-5},"screen":{"x":191,"y":111},"coords":{"x":572,"y":1127,"w":101,"h":84}},{"type":"object","tile":{"x":1,"y":-4},"screen":{"x":161,"y":101},"coords":{"x":413,"y":1010,"w":125,"h":105}},{"type":"object","tile":{"x":1,"y":-3},"screen":{"x":112,"y":85},"coords":{"x":167,"y":1,"w":166,"h":138}},{"type":"object","tile":{"x":1,"y":-2},"screen":{"x":20,"y":54},"coords":{"x":167,"y":1491,"w":243,"h":202}},{"type":"object","tile":{"x":1,"y":-1},"screen":{"x":0,"y":0},"coords":{"x":1003,"y":1697,"w":234,"h":351}},{"type":"object","tile":{"x":1,"y":0},"screen":{"x":0,"y":0},"coords":{"x":0,"y":970,"w":155,"h":360}},{"type":"object","tile":{"x":2,"y":-6},"screen":{"x":143,"y":118},"coords":{"x":678,"y":934,"w":91,"h":70}},{"type":"object","tile":{"x":2,"y":-5},"screen":{"x":109,"y":111},"coords":{"x":413,"y":45,"w":110,"h":84}},{"type":"object","tile":{"x":2,"y":-4},"screen":{"x":59,"y":101},"coords":{"x":1654,"y":1503,"w":140,"h":105}},{"type":"object","tile":{"x":2,"y":-3},"screen":{"x":0,"y":85},"coords":{"x":1866,"y":1705,"w":170,"h":138}},{"type":"object","tile":{"x":2,"y":-2},"screen":{"x":0,"y":54},"coords":{"x":167,"y":483,"w":123,"h":200}},{"type":"object","tile":{"x":2,"y":-1},"screen":{"x":0,"y":46},"coords":{"x":572,"y":153,"w":31,"h":218}},{"type":"object","tile":{"x":3,"y":-6},"screen":{"x":74,"y":118},"coords":{"x":572,"y":374,"w":99,"h":70}},{"type":"object","tile":{"x":3,"y":-5},"screen":{"x":27,"y":111},"coords":{"x":287,"y":147,"w":122,"h":84}},{"type":"object","tile":{"x":3,"y":-4},"screen":{"x":0,"y":101},"coords":{"x":1932,"y":1503,"w":115,"h":105}},{"type":"object","tile":{"x":3,"y":-3},"screen":{"x":0,"y":89},"coords":{"x":336,"y":9,"w":66,"h":130}},{"type":"object","tile":{"x":4,"y":-6},"screen":{"x":5,"y":118},"coords":{"x":791,"y":1313,"w":107,"h":70}},{"type":"object","tile":{"x":4,"y":-5},"screen":{"x":0,"y":111},"coords":{"x":678,"y":1007,"w":78,"h":84}},{"type":"object","tile":{"x":4,"y":-4},"screen":{"x":0,"y":107},"coords":{"x":366,"y":696,"w":31,"h":92}}]},{"id":2,"name":"dungeon-ground-1","mode":2,"type":"ground","tiles":[{"type":"ground","tile":{"x":-4,"y":-6},"screen":{"x":535,"y":183},"coords":{"x":1885,"y":1416,"w":98,"h":5}},{"type":"ground","tile":{"x":-4,"y":-5},"screen":{"x":570,"y":188},"coords":{"x":775,"y":1206,"w":70,"h":6}},{"type":"ground","tile":{"x":-4,"y":-4},"screen":{"x":612,"y":194},"coords":{"x":31,"y":0,"w":28,"h":4}},{"type":"ground","tile":{"x":-3,"y":-6},"screen":{"x":474,"y":183},"coords":{"x":1433,"y":1215,"w":89,"h":5}},{"type":"ground","tile":{"x":-3,"y":-5},"screen":{"x":499,"y":188},"coords":{"x":1690,"y":1696,"w":106,"h":6}},{"type":"ground","tile":{"x":-3,"y":-4},"screen":{"x":529,"y":194},"coords":{"x":1232,"y":1232,"w":111,"h":10}},{"type":"ground","tile":{"x":-3,"y":-3},"screen":{"x":579,"y":204},"coords":{"x":678,"y":162,"w":61,"h":13}},{"type":"ground","tile":{"x":-2,"y":-6},"screen":{"x":412,"y":183},"coords":{"x":1964,"y":1215,"w":82,"h":5}},{"type":"ground","tile":{"x":-2,"y":-5},"screen":{"x":427,"y":188},"coords":{"x":1184,"y":1223,"w":97,"h":6}},{"type":"ground","tile":{"x":-2,"y":-4},"screen":{"x":445,"y":194},"coords":{"x":1842,"y":1266,"w":129,"h":10}},{"type":"ground","tile":{"x":-2,"y":-3},"screen":{"x":475,"y":204},"coords":{"x":1240,"y":1696,"w":165,"h":16}},{"type":"ground","tile":{"x":-2,"y":-2},"screen":{"x":523,"y":220},"coords":{"x":1691,"y":1279,"w":117,"h":31}},{"type":"ground","tile":{"x":-2,"y":-1},"screen":{"x":616,"y":251},"coords":{"x":735,"y":1704,"w":24,"h":8}},{"type":"ground","tile":{"x":-1,"y":-6},"screen":{"x":351,"y":183},"coords":{"x":1253,"y":1207,"w":73,"h":5}},{"type":"ground","tile":{"x":-1,"y":-5},"screen":{"x":356,"y":188},"coords":{"x":1373,"y":1223,"w":86,"h":6}},{"type":"ground","tile":{"x":-1,"y":-4},"screen":{"x":362,"y":194},"coords":{"x":1346,"y":1232,"w":110,"h":10}},{"type":"ground","tile":{"x":-1,"y":-3},"screen":{"x":372,"y":204},"coords":{"x":1894,"y":1397,"w":148,"h":16}},{"type":"ground","tile":{"x":-1,"y":-2},"screen":{"x":388,"y":220},"coords":{"x":1575,"y":1352,"w":225,"h":31}},{"type":"ground","tile":{"x":-1,"y":-1},"screen":{"x":419,"y":251},"coords":{"x":1587,"y":1611,"w":221,"h":82}},{"type":"ground","tile":{"x":-1,"y":0},"screen":{"x":501,"y":333},"coords":{"x":989,"y":1386,"w":139,"h":27}},{"type":"ground","tile":{"x":0,"y":-6},"screen":{"x":285,"y":183},"coords":{"x":1934,"y":1207,"w":70,"h":5}},{"type":"ground","tile":{"x":0,"y":-5},"screen":{"x":279,"y":188},"coords":{"x":1725,"y":1223,"w":82,"h":6}},{"type":"ground","tile":{"x":0,"y":-4},"screen":{"x":269,"y":194},"coords":{"x":572,"y":40,"w":102,"h":10}},{"type":"ground","tile":{"x":0,"y":-3},"screen":{"x":253,"y":204},"coords":{"x":1568,"y":1260,"w":134,"h":16}},{"type":"ground","tile":{"x":0,"y":-2},"screen":{"x":222,"y":220},"coords":{"x":775,"y":1279,"w":196,"h":31}},{"type":"ground","tile":{"x":0,"y":-1},"screen":{"x":140,"y":251},"coords":{"x":776,"y":1611,"w":360,"h":82}},{"type":"ground","tile":{"x":0,"y":0},"screen":{"x":113,"y":333},"coords":{"x":572,"y":1386,"w":414,"h":27}},{"type":"ground","tile":{"x":1,"y":-6},"screen":{"x":216,"y":183},"coords":{"x":1557,"y":1207,"w":73,"h":5}},{"type":"ground","tile":{"x":1,"y":-5},"screen":{"x":198,"y":188},"coords":{"x":1462,"y":1223,"w":86,"h":6}},{"type":"ground","tile":{"x":1,"y":-4},"screen":{"x":168,"y":194},"coords":{"x":413,"y":19,"w":110,"h":10}},{"type":"ground","tile":{"x":1,"y":-3},"screen":{"x":120,"y":204},"coords":{"x":1743,"y":1397,"w":148,"h":16}},{"type":"ground","tile":{"x":1,"y":-2},"screen":{"x":27,"y":220},"coords":{"x":1575,"y":1318,"w":225,"h":31}},{"type":"ground","tile":{"x":1,"y":-1},"screen":{"x":0,"y":251},"coords":{"x":1363,"y":1611,"w":221,"h":82}},{"type":"ground","tile":{"x":1,"y":0},"screen":{"x":0,"y":333},"coords":{"x":1654,"y":1473,"w":139,"h":27}},{"type":"ground","tile":{"x":2,"y":-6},"screen":{"x":146,"y":183},"coords":{"x":1879,"y":1215,"w":82,"h":5}},{"type":"ground","tile":{"x":2,"y":-5},"screen":{"x":116,"y":188},"coords":{"x":984,"y":1223,"w":97,"h":6}},{"type":"ground","tile":{"x":2,"y":-4},"screen":{"x":66,"y":194},"coords":{"x":1797,"y":1492,"w":129,"h":10}},{"type":"ground","tile":{"x":2,"y":-3},"screen":{"x":0,"y":204},"coords":{"x":567,"y":1696,"w":165,"h":16}},{"type":"ground","tile":{"x":2,"y":-2},"screen":{"x":0,"y":220},"coords":{"x":1571,"y":1279,"w":117,"h":31}},{"type":"ground","tile":{"x":2,"y":-1},"screen":{"x":0,"y":251},"coords":{"x":1435,"y":1704,"w":24,"h":8}},{"type":"ground","tile":{"x":3,"y":-6},"screen":{"x":77,"y":183},"coords":{"x":1065,"y":1215,"w":89,"h":5}},{"type":"ground","tile":{"x":3,"y":-5},"screen":{"x":35,"y":188},"coords":{"x":1866,"y":1696,"w":106,"h":6}},{"type":"ground","tile":{"x":3,"y":-4},"screen":{"x":0,"y":194},"coords":{"x":1118,"y":1232,"w":111,"h":10}},{"type":"ground","tile":{"x":3,"y":-3},"screen":{"x":0,"y":204},"coords":{"x":1800,"y":1427,"w":61,"h":13}},{"type":"ground","tile":{"x":4,"y":-6},"screen":{"x":7,"y":183},"coords":{"x":1634,"y":1416,"w":98,"h":5}},{"type":"ground","tile":{"x":4,"y":-5},"screen":{"x":0,"y":188},"coords":{"x":339,"y":343,"w":70,"h":6}},{"type":"ground","tile":{"x":4,"y":-4},"screen":{"x":0,"y":194},"coords":{"x":1799,"y":1698,"w":28,"h":4}}]},{"id":3,"name":"dungeon-ground-2","mode":2,"type":"ground","tiles":[{"type":"ground","tile":{"x":-4,"y":-6},"screen":{"x":535,"y":183},"coords":{"x":1842,"y":1245,"w":98,"h":5}},{"type":"ground","tile":{"x":-4,"y":-5},"screen":{"x":570,"y":188},"coords":{"x":1975,"y":1696,"w":70,"h":6}},{"type":"ground","tile":{"x":-4,"y":-4},"screen":{"x":612,"y":194},"coords":{"x":1830,"y":1698,"w":28,"h":4}},{"type":"ground","tile":{"x":-3,"y":-6},"screen":{"x":474,"y":183},"coords":{"x":973,"y":1215,"w":89,"h":5}},{"type":"ground","tile":{"x":-3,"y":-5},"screen":{"x":499,"y":188},"coords":{"x":775,"y":1223,"w":106,"h":6}},{"type":"ground","tile":{"x":-3,"y":-4},"screen":{"x":529,"y":194},"coords":{"x":1004,"y":1232,"w":111,"h":10}},{"type":"ground","tile":{"x":-3,"y":-3},"screen":{"x":579,"y":204},"coords":{"x":678,"y":130,"w":61,"h":13}},{"type":"ground","tile":{"x":-2,"y":-6},"screen":{"x":412,"y":183},"coords":{"x":1709,"y":1215,"w":82,"h":5}},{"type":"ground","tile":{"x":-2,"y":-5},"screen":{"x":427,"y":188},"coords":{"x":884,"y":1223,"w":97,"h":6}},{"type":"ground","tile":{"x":-2,"y":-4},"screen":{"x":445,"y":194},"coords":{"x":1129,"y":1247,"w":129,"h":10}},{"type":"ground","tile":{"x":-2,"y":-3},"screen":{"x":475,"y":204},"coords":{"x":399,"y":1696,"w":165,"h":16}},{"type":"ground","tile":{"x":-2,"y":-2},"screen":{"x":523,"y":220},"coords":{"x":0,"y":7,"w":117,"h":31}},{"type":"ground","tile":{"x":-2,"y":-1},"screen":{"x":616,"y":251},"coords":{"x":1633,"y":1704,"w":24,"h":8}},{"type":"ground","tile":{"x":-1,"y":-6},"screen":{"x":351,"y":183},"coords":{"x":1405,"y":1207,"w":73,"h":5}},{"type":"ground","tile":{"x":-1,"y":-5},"screen":{"x":356,"y":188},"coords":{"x":1284,"y":1223,"w":86,"h":6}},{"type":"ground","tile":{"x":-1,"y":-4},"screen":{"x":362,"y":194},"coords":{"x":413,"y":32,"w":110,"h":10}},{"type":"ground","tile":{"x":-1,"y":-3},"screen":{"x":372,"y":204},"coords":{"x":1280,"y":1260,"w":148,"h":16}},{"type":"ground","tile":{"x":-1,"y":-2},"screen":{"x":388,"y":220},"coords":{"x":1803,"y":1318,"w":225,"h":31}},{"type":"ground","tile":{"x":-1,"y":-1},"screen":{"x":419,"y":251},"coords":{"x":1811,"y":1611,"w":221,"h":82}},{"type":"ground","tile":{"x":-1,"y":0},"screen":{"x":501,"y":333},"coords":{"x":1507,"y":1473,"w":139,"h":27}},{"type":"ground","tile":{"x":0,"y":-6},"screen":{"x":285,"y":183},"coords":{"x":1861,"y":1207,"w":70,"h":5}},{"type":"ground","tile":{"x":0,"y":-5},"screen":{"x":279,"y":188},"coords":{"x":1640,"y":1223,"w":82,"h":6}},{"type":"ground","tile":{"x":0,"y":-4},"screen":{"x":269,"y":194},"coords":{"x":572,"y":53,"w":102,"h":10}},{"type":"ground","tile":{"x":0,"y":-3},"screen":{"x":253,"y":204},"coords":{"x":1431,"y":1260,"w":134,"h":16}},{"type":"ground","tile":{"x":0,"y":-2},"screen":{"x":222,"y":220},"coords":{"x":1372,"y":1279,"w":196,"h":31}},{"type":"ground","tile":{"x":0,"y":-1},"screen":{"x":140,"y":251},"coords":{"x":413,"y":1611,"w":360,"h":82}},{"type":"ground","tile":{"x":0,"y":0},"screen":{"x":113,"y":333},"coords":{"x":1468,"y":1443,"w":414,"h":27}},{"type":"ground","tile":{"x":1,"y":-6},"screen":{"x":216,"y":183},"coords":{"x":1785,"y":1207,"w":73,"h":5}},{"type":"ground","tile":{"x":1,"y":-5},"screen":{"x":198,"y":188},"coords":{"x":1551,"y":1223,"w":86,"h":6}},{"type":"ground","tile":{"x":1,"y":-4},"screen":{"x":168,"y":194},"coords":{"x":413,"y":6,"w":110,"h":10}},{"type":"ground","tile":{"x":1,"y":-3},"screen":{"x":120,"y":204},"coords":{"x":1129,"y":1260,"w":148,"h":16}},{"type":"ground","tile":{"x":1,"y":-2},"screen":{"x":27,"y":220},"coords":{"x":1803,"y":1352,"w":225,"h":31}},{"type":"ground","tile":{"x":1,"y":-1},"screen":{"x":0,"y":251},"coords":{"x":1139,"y":1611,"w":221,"h":82}},{"type":"ground","tile":{"x":1,"y":0},"screen":{"x":0,"y":333},"coords":{"x":1885,"y":1443,"w":139,"h":27}},{"type":"ground","tile":{"x":2,"y":-6},"screen":{"x":146,"y":183},"coords":{"x":1794,"y":1215,"w":82,"h":5}},{"type":"ground","tile":{"x":2,"y":-5},"screen":{"x":116,"y":188},"coords":{"x":1084,"y":1223,"w":97,"h":6}},{"type":"ground","tile":{"x":2,"y":-4},"screen":{"x":66,"y":194},"coords":{"x":1797,"y":1479,"w":129,"h":10}},{"type":"ground","tile":{"x":2,"y":-3},"screen":{"x":0,"y":204},"coords":{"x":1465,"y":1696,"w":165,"h":16}},{"type":"ground","tile":{"x":2,"y":-2},"screen":{"x":0,"y":220},"coords":{"x":1811,"y":1279,"w":117,"h":31}},{"type":"ground","tile":{"x":2,"y":-1},"screen":{"x":0,"y":251},"coords":{"x":1408,"y":1704,"w":24,"h":8}},{"type":"ground","tile":{"x":3,"y":-6},"screen":{"x":77,"y":183},"coords":{"x":1157,"y":1215,"w":89,"h":5}},{"type":"ground","tile":{"x":3,"y":-5},"screen":{"x":35,"y":188},"coords":{"x":1907,"y":1236,"w":106,"h":6}},{"type":"ground","tile":{"x":3,"y":-4},"screen":{"x":0,"y":194},"coords":{"x":890,"y":1232,"w":111,"h":10}},{"type":"ground","tile":{"x":3,"y":-3},"screen":{"x":0,"y":204},"coords":{"x":678,"y":146,"w":61,"h":13}},{"type":"ground","tile":{"x":4,"y":-6},"screen":{"x":7,"y":183},"coords":{"x":1468,"y":1416,"w":98,"h":5}},{"type":"ground","tile":{"x":4,"y":-5},"screen":{"x":0,"y":188},"coords":{"x":848,"y":1206,"w":70,"h":6}},{"type":"ground","tile":{"x":4,"y":-4},"screen":{"x":0,"y":194},"coords":{"x":0,"y":0,"w":28,"h":4}}]},{"id":4,"name":"dungeon-ceiling-1","mode":2,"type":"ceiling","tiles":[{"type":"ceiling","tile":{"x":-4,"y":-6},"screen":{"x":532,"y":118},"coords":{"x":775,"y":1215,"w":96,"h":5}},{"type":"ceiling","tile":{"x":-4,"y":-5},"screen":{"x":567,"y":111},"coords":{"x":1974,"y":1269,"w":73,"h":7}},{"type":"ceiling","tile":{"x":-4,"y":-4},"screen":{"x":616,"y":107},"coords":{"x":1633,"y":1697,"w":24,"h":4}},{"type":"ceiling","tile":{"x":-3,"y":-6},"screen":{"x":471,"y":118},"coords":{"x":1341,"y":1215,"w":89,"h":5}},{"type":"ceiling","tile":{"x":-3,"y":-5},"screen":{"x":496,"y":111},"coords":{"x":1590,"y":1387,"w":113,"h":7}},{"type":"ceiling","tile":{"x":-3,"y":-4},"screen":{"x":531,"y":101},"coords":{"x":1795,"y":1232,"w":109,"h":10}},{"type":"ceiling","tile":{"x":-3,"y":-3},"screen":{"x":581,"y":89},"coords":{"x":678,"y":85,"w":59,"h":12}},{"type":"ceiling","tile":{"x":-2,"y":-6},"screen":{"x":411,"y":118},"coords":{"x":1087,"y":1207,"w":80,"h":5}},{"type":"ceiling","tile":{"x":-2,"y":-5},"screen":{"x":426,"y":111},"coords":{"x":1941,"y":1848,"w":100,"h":7}},{"type":"ceiling","tile":{"x":-2,"y":-4},"screen":{"x":447,"y":101},"coords":{"x":1280,"y":1247,"w":129,"h":10}},{"type":"ceiling","tile":{"x":-2,"y":-3},"screen":{"x":477,"y":85},"coords":{"x":1468,"y":1424,"w":163,"h":16}},{"type":"ceiling","tile":{"x":-2,"y":-2},"screen":{"x":525,"y":54},"coords":{"x":775,"y":1245,"w":115,"h":31}},{"type":"ceiling","tile":{"x":-2,"y":-1},"screen":{"x":618,"y":46},"coords":{"x":544,"y":1204,"w":22,"h":8}},{"type":"ceiling","tile":{"x":-1,"y":-6},"screen":{"x":350,"y":118},"coords":{"x":1709,"y":1207,"w":73,"h":5}},{"type":"ceiling","tile":{"x":-1,"y":-5},"screen":{"x":355,"y":111},"coords":{"x":678,"y":50,"w":89,"h":7}},{"type":"ceiling","tile":{"x":-1,"y":-4},"screen":{"x":362,"y":101},"coords":{"x":1932,"y":1477,"w":112,"h":10}},{"type":"ceiling","tile":{"x":-1,"y":-3},"screen":{"x":372,"y":85},"coords":{"x":1590,"y":1397,"w":150,"h":16}},{"type":"ceiling","tile":{"x":-1,"y":-2},"screen":{"x":388,"y":54},"coords":{"x":1345,"y":1318,"w":227,"h":31}},{"type":"ceiling","tile":{"x":-1,"y":-1},"screen":{"x":419,"y":0},"coords":{"x":796,"y":1416,"w":221,"h":54}},{"type":"ceiling","tile":{"x":0,"y":-6},"screen":{"x":286,"y":118},"coords":{"x":775,"y":1190,"w":68,"h":5}},{"type":"ceiling","tile":{"x":0,"y":-5},"screen":{"x":279,"y":111},"coords":{"x":678,"y":10,"w":82,"h":7}},{"type":"ceiling","tile":{"x":0,"y":-4},"screen":{"x":269,"y":101},"coords":{"x":572,"y":14,"w":102,"h":10}},{"type":"ceiling","tile":{"x":0,"y":-3},"screen":{"x":253,"y":85},"coords":{"x":1705,"y":1260,"w":134,"h":16}},{"type":"ceiling","tile":{"x":0,"y":-2},"screen":{"x":222,"y":54},"coords":{"x":974,"y":1279,"w":196,"h":31}},{"type":"ceiling","tile":{"x":0,"y":-1},"screen":{"x":168,"y":0},"coords":{"x":1200,"y":1497,"w":304,"h":54}},{"type":"ceiling","tile":{"x":1,"y":-6},"screen":{"x":217,"y":118},"coords":{"x":1633,"y":1207,"w":73,"h":5}},{"type":"ceiling","tile":{"x":1,"y":-5},"screen":{"x":196,"y":111},"coords":{"x":678,"y":60,"w":89,"h":7}},{"type":"ceiling","tile":{"x":1,"y":-4},"screen":{"x":166,"y":101},"coords":{"x":1842,"y":1253,"w":112,"h":10}},{"type":"ceiling","tile":{"x":1,"y":-3},"screen":{"x":118,"y":85},"coords":{"x":1131,"y":1397,"w":150,"h":16}},{"type":"ceiling","tile":{"x":1,"y":-2},"screen":{"x":25,"y":54},"coords":{"x":1115,"y":1352,"w":227,"h":31}},{"type":"ceiling","tile":{"x":1,"y":-1},"screen":{"x":0,"y":0},"coords":{"x":1244,"y":1416,"w":221,"h":54}},{"type":"ceiling","tile":{"x":2,"y":-6},"screen":{"x":149,"y":118},"coords":{"x":1004,"y":1207,"w":80,"h":5}},{"type":"ceiling","tile":{"x":2,"y":-5},"screen":{"x":114,"y":111},"coords":{"x":1743,"y":1387,"w":100,"h":7}},{"type":"ceiling","tile":{"x":2,"y":-4},"screen":{"x":64,"y":101},"coords":{"x":1705,"y":1247,"w":129,"h":10}},{"type":"ceiling","tile":{"x":2,"y":-3},"screen":{"x":0,"y":85},"coords":{"x":1885,"y":1424,"w":163,"h":16}},{"type":"ceiling","tile":{"x":2,"y":-2},"screen":{"x":0,"y":54},"coords":{"x":1011,"y":1245,"w":115,"h":31}},{"type":"ceiling","tile":{"x":2,"y":-1},"screen":{"x":0,"y":46},"coords":{"x":1660,"y":1704,"w":22,"h":8}},{"type":"ceiling","tile":{"x":3,"y":-6},"screen":{"x":80,"y":118},"coords":{"x":1525,"y":1215,"w":89,"h":5}},{"type":"ceiling","tile":{"x":3,"y":-5},"screen":{"x":31,"y":111},"coords":{"x":1131,"y":1387,"w":113,"h":7}},{"type":"ceiling","tile":{"x":3,"y":-4},"screen":{"x":0,"y":101},"coords":{"x":1571,"y":1232,"w":109,"h":10}},{"type":"ceiling","tile":{"x":3,"y":-3},"screen":{"x":0,"y":89},"coords":{"x":678,"y":100,"w":59,"h":12}},{"type":"ceiling","tile":{"x":4,"y":-6},"screen":{"x":12,"y":118},"coords":{"x":1909,"y":1224,"w":96,"h":5}},{"type":"ceiling","tile":{"x":4,"y":-5},"screen":{"x":0,"y":111},"coords":{"x":1974,"y":1249,"w":73,"h":7}},{"type":"ceiling","tile":{"x":4,"y":-4},"screen":{"x":0,"y":107},"coords":{"x":1435,"y":1697,"w":24,"h":4}}]},{"id":5,"name":"dungeon-ceiling-2","mode":2,"type":"ceiling","tiles":[{"type":"ceiling","tile":{"x":-4,"y":-6},"screen":{"x":532,"y":118},"coords":{"x":1810,"y":1224,"w":96,"h":5}},{"type":"ceiling","tile":{"x":-4,"y":-5},"screen":{"x":567,"y":111},"coords":{"x":678,"y":0,"w":73,"h":7}},{"type":"ceiling","tile":{"x":-4,"y":-4},"screen":{"x":616,"y":107},"coords":{"x":735,"y":1697,"w":24,"h":4}},{"type":"ceiling","tile":{"x":-3,"y":-6},"screen":{"x":471,"y":118},"coords":{"x":1249,"y":1215,"w":89,"h":5}},{"type":"ceiling","tile":{"x":-3,"y":-5},"screen":{"x":496,"y":111},"coords":{"x":1284,"y":1387,"w":113,"h":7}},{"type":"ceiling","tile":{"x":-3,"y":-4},"screen":{"x":531,"y":101},"coords":{"x":1459,"y":1232,"w":109,"h":10}},{"type":"ceiling","tile":{"x":-3,"y":-3},"screen":{"x":581,"y":89},"coords":{"x":678,"y":70,"w":59,"h":12}},{"type":"ceiling","tile":{"x":-2,"y":-6},"screen":{"x":411,"y":118},"coords":{"x":1170,"y":1207,"w":80,"h":5}},{"type":"ceiling","tile":{"x":-2,"y":-5},"screen":{"x":426,"y":111},"coords":{"x":1894,"y":1387,"w":100,"h":7}},{"type":"ceiling","tile":{"x":-2,"y":-4},"screen":{"x":447,"y":101},"coords":{"x":1568,"y":1247,"w":129,"h":10}},{"type":"ceiling","tile":{"x":-2,"y":-3},"screen":{"x":477,"y":85},"coords":{"x":1200,"y":1478,"w":163,"h":16}},{"type":"ceiling","tile":{"x":-2,"y":-2},"screen":{"x":525,"y":54},"coords":{"x":893,"y":1245,"w":115,"h":31}},{"type":"ceiling","tile":{"x":-2,"y":-1},"screen":{"x":618,"y":46},"coords":{"x":544,"y":1215,"w":22,"h":8}},{"type":"ceiling","tile":{"x":-1,"y":-6},"screen":{"x":350,"y":118},"coords":{"x":1329,"y":1207,"w":73,"h":5}},{"type":"ceiling","tile":{"x":-1,"y":-5},"screen":{"x":355,"y":111},"coords":{"x":678,"y":40,"w":89,"h":7}},{"type":"ceiling","tile":{"x":-1,"y":-4},"screen":{"x":362,"y":101},"coords":{"x":1932,"y":1490,"w":112,"h":10}},{"type":"ceiling","tile":{"x":-1,"y":-3},"screen":{"x":372,"y":85},"coords":{"x":1284,"y":1397,"w":150,"h":16}},{"type":"ceiling","tile":{"x":-1,"y":-2},"screen":{"x":388,"y":54},"coords":{"x":1115,"y":1318,"w":227,"h":31}},{"type":"ceiling","tile":{"x":-1,"y":-1},"screen":{"x":419,"y":0},"coords":{"x":1020,"y":1416,"w":221,"h":54}},{"type":"ceiling","tile":{"x":0,"y":-6},"screen":{"x":286,"y":118},"coords":{"x":775,"y":1198,"w":68,"h":5}},{"type":"ceiling","tile":{"x":0,"y":-5},"screen":{"x":279,"y":111},"coords":{"x":678,"y":20,"w":82,"h":7}},{"type":"ceiling","tile":{"x":0,"y":-4},"screen":{"x":269,"y":101},"coords":{"x":572,"y":27,"w":102,"h":10}},{"type":"ceiling","tile":{"x":0,"y":-3},"screen":{"x":253,"y":85},"coords":{"x":1366,"y":1478,"w":134,"h":16}},{"type":"ceiling","tile":{"x":0,"y":-2},"screen":{"x":222,"y":54},"coords":{"x":1173,"y":1279,"w":196,"h":31}},{"type":"ceiling","tile":{"x":0,"y":-1},"screen":{"x":168,"y":0},"coords":{"x":1200,"y":1554,"w":304,"h":54}},{"type":"ceiling","tile":{"x":1,"y":-6},"screen":{"x":217,"y":118},"coords":{"x":1481,"y":1207,"w":73,"h":5}},{"type":"ceiling","tile":{"x":1,"y":-5},"screen":{"x":196,"y":111},"coords":{"x":678,"y":30,"w":89,"h":7}},{"type":"ceiling","tile":{"x":1,"y":-4},"screen":{"x":166,"y":101},"coords":{"x":775,"y":1232,"w":112,"h":10}},{"type":"ceiling","tile":{"x":1,"y":-3},"screen":{"x":118,"y":85},"coords":{"x":1437,"y":1397,"w":150,"h":16}},{"type":"ceiling","tile":{"x":1,"y":-2},"screen":{"x":25,"y":54},"coords":{"x":1345,"y":1352,"w":227,"h":31}},{"type":"ceiling","tile":{"x":1,"y":-1},"screen":{"x":0,"y":0},"coords":{"x":572,"y":1416,"w":221,"h":54}},{"type":"ceiling","tile":{"x":2,"y":-6},"screen":{"x":149,"y":118},"coords":{"x":921,"y":1207,"w":80,"h":5}},{"type":"ceiling","tile":{"x":2,"y":-5},"screen":{"x":114,"y":111},"coords":{"x":572,"y":4,"w":100,"h":7}},{"type":"ceiling","tile":{"x":2,"y":-4},"screen":{"x":64,"y":101},"coords":{"x":1431,"y":1247,"w":129,"h":10}},{"type":"ceiling","tile":{"x":2,"y":-3},"screen":{"x":0,"y":85},"coords":{"x":1634,"y":1424,"w":163,"h":16}},{"type":"ceiling","tile":{"x":2,"y":-2},"screen":{"x":0,"y":54},"coords":{"x":1931,"y":1279,"w":115,"h":31}},{"type":"ceiling","tile":{"x":2,"y":-1},"screen":{"x":0,"y":46},"coords":{"x":128,"y":10,"w":22,"h":8}},{"type":"ceiling","tile":{"x":3,"y":-6},"screen":{"x":80,"y":118},"coords":{"x":1617,"y":1215,"w":89,"h":5}},{"type":"ceiling","tile":{"x":3,"y":-5},"screen":{"x":31,"y":111},"coords":{"x":1437,"y":1387,"w":113,"h":7}},{"type":"ceiling","tile":{"x":3,"y":-4},"screen":{"x":0,"y":101},"coords":{"x":1683,"y":1232,"w":109,"h":10}},{"type":"ceiling","tile":{"x":3,"y":-3},"screen":{"x":0,"y":89},"coords":{"x":678,"y":115,"w":59,"h":12}},{"type":"ceiling","tile":{"x":4,"y":-6},"screen":{"x":12,"y":118},"coords":{"x":874,"y":1215,"w":96,"h":5}},{"type":"ceiling","tile":{"x":4,"y":-5},"screen":{"x":0,"y":111},"coords":{"x":1974,"y":1259,"w":73,"h":7}},{"type":"ceiling","tile":{"x":4,"y":-4},"screen":{"x":0,"y":107},"coords":{"x":1408,"y":1697,"w":24,"h":4}}]},{"id":6,"name":"gate","mode":2,"type":"object","tiles":[{"type":"object","tile":{"x":-4,"y":-6},"screen":{"x":530,"y":118},"coords":{"x":1008,"y":1313,"w":104,"h":70}},{"type":"object","tile":{"x":-4,"y":-5},"screen":{"x":564,"y":111},"coords":{"x":678,"y":848,"w":76,"h":83}},{"type":"object","tile":{"x":-4,"y":-4},"screen":{"x":611,"y":107},"coords":{"x":533,"y":916,"w":29,"h":91}},{"type":"object","tile":{"x":-3,"y":-6},"screen":{"x":470,"y":118},"coords":{"x":678,"y":1094,"w":94,"h":70}},{"type":"object","tile":{"x":-3,"y":-5},"screen":{"x":494,"y":111},"coords":{"x":413,"y":219,"w":117,"h":83}},{"type":"object","tile":{"x":-3,"y":-4},"screen":{"x":528,"y":101},"coords":{"x":413,"y":584,"w":112,"h":103}},{"type":"object","tile":{"x":-3,"y":-3},"screen":{"x":577,"y":89},"coords":{"x":572,"y":778,"w":63,"h":128}},{"type":"object","tile":{"x":-2,"y":-6},"screen":{"x":410,"y":118},"coords":{"x":678,"y":543,"w":84,"h":70}},{"type":"object","tile":{"x":-2,"y":-5},"screen":{"x":425,"y":111},"coords":{"x":572,"y":1300,"w":103,"h":83}},{"type":"object","tile":{"x":-2,"y":-4},"screen":{"x":445,"y":101},"coords":{"x":413,"y":1226,"w":132,"h":103}},{"type":"object","tile":{"x":-2,"y":-3},"screen":{"x":474,"y":85},"coords":{"x":413,"y":1473,"w":166,"h":135}},{"type":"object","tile":{"x":-2,"y":-2},"screen":{"x":523,"y":54},"coords":{"x":293,"y":486,"w":117,"h":197}},{"type":"object","tile":{"x":-2,"y":-1},"screen":{"x":615,"y":46},"coords":{"x":606,"y":158,"w":25,"h":213}},{"type":"object","tile":{"x":-1,"y":-6},"screen":{"x":350,"y":118},"coords":{"x":678,"y":324,"w":75,"h":70}},{"type":"object","tile":{"x":-1,"y":-5},"screen":{"x":355,"y":111},"coords":{"x":572,"y":606,"w":90,"h":83}},{"type":"object","tile":{"x":-1,"y":-4},"screen":{"x":362,"y":101},"coords":{"x":413,"y":478,"w":112,"h":103}},{"type":"object","tile":{"x":-1,"y":-3},"screen":{"x":371,"y":85},"coords":{"x":906,"y":1473,"w":152,"h":135}},{"type":"object","tile":{"x":-1,"y":-2},"screen":{"x":388,"y":54},"coords":{"x":167,"y":1086,"w":227,"h":197}},{"type":"object","tile":{"x":-1,"y":-1},"screen":{"x":418,"y":0},"coords":{"x":1240,"y":1715,"w":222,"h":333}},{"type":"object","tile":{"x":-1,"y":0},"screen":{"x":500,"y":0},"coords":{"x":0,"y":244,"w":140,"h":360}},{"type":"object","tile":{"x":0,"y":-6},"screen":{"x":285,"y":118},"coords":{"x":678,"y":178,"w":70,"h":70}},{"type":"object","tile":{"x":0,"y":-5},"screen":{"x":278,"y":111},"coords":{"x":572,"y":447,"w":84,"h":83}},{"type":"object","tile":{"x":0,"y":-4},"screen":{"x":269,"y":101},"coords":{"x":1941,"y":1945,"w":102,"h":103}},{"type":"object","tile":{"x":0,"y":-3},"screen":{"x":252,"y":85},"coords":{"x":1061,"y":1473,"w":136,"h":135}},{"type":"object","tile":{"x":0,"y":-2},"screen":{"x":222,"y":54},"coords":{"x":167,"y":686,"w":196,"h":197}},{"type":"object","tile":{"x":0,"y":-1},"screen":{"x":140,"y":0},"coords":{"x":399,"y":1715,"w":360,"h":333}},{"type":"object","tile":{"x":1,"y":-6},"screen":{"x":215,"y":118},"coords":{"x":678,"y":251,"w":75,"h":70}},{"type":"object","tile":{"x":1,"y":-5},"screen":{"x":195,"y":111},"coords":{"x":572,"y":692,"w":90,"h":83}},{"type":"object","tile":{"x":1,"y":-4},"screen":{"x":166,"y":101},"coords":{"x":413,"y":796,"w":112,"h":103}},{"type":"object","tile":{"x":1,"y":-3},"screen":{"x":117,"y":85},"coords":{"x":751,"y":1473,"w":152,"h":135}},{"type":"object","tile":{"x":1,"y":-2},"screen":{"x":25,"y":54},"coords":{"x":167,"y":886,"w":227,"h":197}},{"type":"object","tile":{"x":1,"y":-1},"screen":{"x":0,"y":0},"coords":{"x":1465,"y":1715,"w":222,"h":333}},{"type":"object","tile":{"x":1,"y":0},"screen":{"x":0,"y":0},"coords":{"x":0,"y":607,"w":140,"h":360}},{"type":"object","tile":{"x":2,"y":-6},"screen":{"x":146,"y":118},"coords":{"x":678,"y":470,"w":84,"h":70}},{"type":"object","tile":{"x":2,"y":-5},"screen":{"x":112,"y":111},"coords":{"x":572,"y":1214,"w":103,"h":83}},{"type":"object","tile":{"x":2,"y":-4},"screen":{"x":63,"y":101},"coords":{"x":1797,"y":1505,"w":132,"h":103}},{"type":"object","tile":{"x":2,"y":-3},"screen":{"x":0,"y":85},"coords":{"x":582,"y":1473,"w":166,"h":135}},{"type":"object","tile":{"x":2,"y":-2},"screen":{"x":0,"y":54},"coords":{"x":167,"y":142,"w":117,"h":197}},{"type":"object","tile":{"x":2,"y":-1},"screen":{"x":0,"y":46},"coords":{"x":634,"y":158,"w":25,"h":213}},{"type":"object","tile":{"x":3,"y":-6},"screen":{"x":76,"y":118},"coords":{"x":678,"y":1240,"w":94,"h":70}},{"type":"object","tile":{"x":3,"y":-5},"screen":{"x":29,"y":111},"coords":{"x":413,"y":305,"w":117,"h":83}},{"type":"object","tile":{"x":3,"y":-4},"screen":{"x":0,"y":101},"coords":{"x":413,"y":690,"w":112,"h":103}},{"type":"object","tile":{"x":3,"y":-3},"screen":{"x":0,"y":89},"coords":{"x":572,"y":909,"w":63,"h":128}},{"type":"object","tile":{"x":4,"y":-6},"screen":{"x":6,"y":118},"coords":{"x":901,"y":1313,"w":104,"h":70}},{"type":"object","tile":{"x":4,"y":-5},"screen":{"x":0,"y":111},"coords":{"x":678,"y":762,"w":76,"h":83}},{"type":"object","tile":{"x":4,"y":-4},"screen":{"x":0,"y":107},"coords":{"x":528,"y":808,"w":29,"h":91}}]}]}