{"version":"0.9.3","generated":"14.04.2022 19.26.41","resolution":{"width":640,"height":360},"depth":6,"width":4,"layers":[{"id":1,"name":"portal-1","mode":2,"type":"object","tiles":[{"type":"object","tile":{"x":-2,"y":-3},"screen":{"x":455,"y":32},"coords":{"x":5799,"y":3478,"w":185,"h":187}},{"type":"object","tile":{"x":-2,"y":-2},"screen":{"x":497,"y":0},"coords":{"x":3682,"y":2737,"w":143,"h":249}},{"type":"object","tile":{"x":-2,"y":-1},"screen":{"x":568,"y":5},"coords":{"x":561,"y":2399,"w":72,"h":264}},{"type":"object","tile":{"x":-1,"y":-3},"screen":{"x":345,"y":32},"coords":{"x":4998,"y":3478,"w":208,"h":187}},{"type":"object","tile":{"x":-1,"y":-2},"screen":{"x":354,"y":0},"coords":{"x":3358,"y":2833,"w":286,"h":249}},{"type":"object","tile":{"x":-1,"y":-1},"screen":{"x":372,"y":0},"coords":{"x":1953,"y":1280,"w":268,"h":329}},{"type":"object","tile":{"x":-1,"y":0},"screen":{"x":434,"y":0},"coords":{"x":2210,"y":1891,"w":206,"h":360}},{"type":"object","tile":{"x":0,"y":-3},"screen":{"x":229,"y":32},"coords":{"x":5409,"y":3478,"w":195,"h":187}},{"type":"object","tile":{"x":0,"y":-2},"screen":{"x":196,"y":0},"coords":{"x":3358,"y":1824,"w":273,"h":249}},{"type":"object","tile":{"x":0,"y":-1},"screen":{"x":125,"y":0},"coords":{"x":643,"y":1959,"w":455,"h":329}},{"type":"object","tile":{"x":1,"y":-3},"screen":{"x":113,"y":32},"coords":{"x":5607,"y":3478,"w":189,"h":187}},{"type":"object","tile":{"x":1,"y":-2},"screen":{"x":24,"y":0},"coords":{"x":3358,"y":1572,"w":272,"h":249}},{"type":"object","tile":{"x":1,"y":-1},"screen":{"x":0,"y":0},"coords":{"x":1953,"y":2519,"w":285,"h":325}},{"type":"object","tile":{"x":1,"y":0},"screen":{"x":0,"y":0},"coords":{"x":1953,"y":1891,"w":254,"h":360}},{"type":"object","tile":{"x":2,"y":-3},"screen":{"x":0,"y":32},"coords":{"x":5209,"y":3478,"w":197,"h":187}},{"type":"object","tile":{"x":2,"y":-2},"screen":{"x":0,"y":0},"coords":{"x":1779,"y":1601,"w":158,"h":249}},{"type":"object","tile":{"x":2,"y":-1},"screen":{"x":0,"y":6},"coords":{"x":1419,"y":1361,"w":83,"h":254}}]},{"id":2,"name":"portal-2","mode":2,"type":"object","tiles":[{"type":"object","tile":{"x":-2,"y":-3},"screen":{"x":447,"y":0},"coords":{"x":4118,"y":2446,"w":193,"h":222}},{"type":"object","tile":{"x":-2,"y":-2},"screen":{"x":490,"y":0},"coords":{"x":1779,"y":1239,"w":150,"h":248}},{"type":"object","tile":{"x":-2,"y":-1},"screen":{"x":572,"y":71},"coords":{"x":5603,"y":1342,"w":68,"h":191}},{"type":"object","tile":{"x":-1,"y":-3},"screen":{"x":340,"y":0},"coords":{"x":7694,"y":3873,"w":213,"h":223}},{"type":"object","tile":{"x":-1,"y":-2},"screen":{"x":348,"y":0},"coords":{"x":3060,"y":1984,"w":292,"h":255}},{"type":"object","tile":{"x":-1,"y":-1},"screen":{"x":359,"y":0},"coords":{"x":1953,"y":3464,"w":281,"h":343}},{"type":"object","tile":{"x":-1,"y":0},"screen":{"x":397,"y":0},"coords":{"x":1953,"y":917,"w":243,"h":360}},{"type":"object","tile":{"x":0,"y":-3},"screen":{"x":211,"y":0},"coords":{"x":4315,"y":708,"w":202,"h":222}},{"type":"object","tile":{"x":0,"y":-2},"screen":{"x":163,"y":0},"coords":{"x":3060,"y":2242,"w":292,"h":255}},{"type":"object","tile":{"x":0,"y":-1},"screen":{"x":37,"y":0},"coords":{"x":0,"y":2316,"w":558,"h":347}},{"type":"object","tile":{"x":1,"y":-3},"screen":{"x":78,"y":0},"coords":{"x":6454,"y":3871,"w":217,"h":225}},{"type":"object","tile":{"x":1,"y":-2},"screen":{"x":0,"y":0},"coords":{"x":3060,"y":1013,"w":285,"h":256}},{"type":"object","tile":{"x":1,"y":-1},"screen":{"x":0,"y":0},"coords":{"x":1953,"y":584,"w":265,"h":330}},{"type":"object","tile":{"x":1,"y":0},"screen":{"x":0,"y":0},"coords":{"x":3682,"y":3736,"w":179,"h":360}},{"type":"object","tile":{"x":2,"y":-3},"screen":{"x":0,"y":0},"coords":{"x":2241,"y":2959,"w":176,"h":222}},{"type":"object","tile":{"x":2,"y":-2},"screen":{"x":0,"y":0},"coords":{"x":2284,"y":1639,"w":123,"h":249}},{"type":"object","tile":{"x":2,"y":-1},"screen":{"x":0,"y":191},"coords":{"x":609,"y":3043,"w":26,"h":72}}]},{"id":3,"name":"portal-3","mode":2,"type":"object","tiles":[{"type":"object","tile":{"x":-2,"y":-3},"screen":{"x":424,"y":9},"coords":{"x":4315,"y":3421,"w":216,"h":215}},{"type":"object","tile":{"x":-2,"y":-2},"screen":{"x":465,"y":0},"coords":{"x":2237,"y":3559,"w":175,"h":248}},{"type":"object","tile":{"x":-2,"y":-1},"screen":{"x":555,"y":0},"coords":{"x":552,"y":3118,"w":85,"h":252}},{"type":"object","tile":{"x":-1,"y":-3},"screen":{"x":301,"y":8},"coords":{"x":7471,"y":3880,"w":220,"h":216}},{"type":"object","tile":{"x":-1,"y":-2},"screen":{"x":293,"y":0},"coords":{"x":2420,"y":2943,"w":320,"h":259}},{"type":"object","tile":{"x":-1,"y":-1},"screen":{"x":275,"y":0},"coords":{"x":1107,"y":3373,"w":365,"h":360}},{"type":"object","tile":{"x":-1,"y":0},"screen":{"x":187,"y":0},"coords":{"x":643,"y":3010,"w":453,"h":360}},{"type":"object","tile":{"x":0,"y":-3},"screen":{"x":178,"y":7},"coords":{"x":4315,"y":1382,"w":208,"h":217}},{"type":"object","tile":{"x":0,"y":-2},"screen":{"x":121,"y":0},"coords":{"x":3060,"y":3837,"w":295,"h":259}},{"type":"object","tile":{"x":0,"y":-1},"screen":{"x":0,"y":0},"coords":{"x":0,"y":1953,"w":496,"h":360}},{"type":"object","tile":{"x":1,"y":-3},"screen":{"x":55,"y":8},"coords":{"x":4315,"y":933,"w":208,"h":216}},{"type":"object","tile":{"x":1,"y":-2},"screen":{"x":0,"y":0},"coords":{"x":3864,"y":3312,"w":245,"h":259}},{"type":"object","tile":{"x":1,"y":-1},"screen":{"x":0,"y":0},"coords":{"x":3060,"y":1635,"w":215,"h":346}},{"type":"object","tile":{"x":1,"y":0},"screen":{"x":0,"y":0},"coords":{"x":499,"y":1953,"w":140,"h":360}},{"type":"object","tile":{"x":2,"y":-3},"screen":{"x":0,"y":8},"coords":{"x":3682,"y":958,"w":164,"h":216}},{"type":"object","tile":{"x":2,"y":-2},"screen":{"x":0,"y":41},"coords":{"x":7940,"y":3067,"w":119,"h":211}},{"type":"object","tile":{"x":2,"y":-1},"screen":{"x":0,"y":141},"coords":{"x":230,"y":21,"w":38,"h":114}}]},{"id":4,"name":"portal-4","mode":2,"type":"object","tiles":[{"type":"object","tile":{"x":-2,"y":-3},"screen":{"x":476,"y":17},"coords":{"x":4729,"y":2458,"w":164,"h":206}},{"type":"object","tile":{"x":-2,"y":-2},"screen":{"x":524,"y":40},"coords":{"x":5078,"y":2837,"w":116,"h":213}},{"type":"object","tile":{"x":-2,"y":-1},"screen":{"x":617,"y":208},"coords":{"x":616,"y":1901,"w":23,"h":49}},{"type":"object","tile":{"x":-1,"y":-3},"screen":{"x":373,"y":17},"coords":{"x":4729,"y":3267,"w":190,"h":206}},{"type":"object","tile":{"x":-1,"y":-2},"screen":{"x":389,"y":0},"coords":{"x":3864,"y":3840,"w":251,"h":256}},{"type":"object","tile":{"x":-1,"y":-1},"screen":{"x":420,"y":0},"coords":{"x":3060,"y":2500,"w":220,"h":340}},{"type":"object","tile":{"x":-1,"y":0},"screen":{"x":503,"y":108},"coords":{"x":3682,"y":703,"w":137,"h":252}},{"type":"object","tile":{"x":0,"y":-3},"screen":{"x":258,"y":17},"coords":{"x":4729,"y":3058,"w":190,"h":206}},{"type":"object","tile":{"x":0,"y":-2},"screen":{"x":230,"y":0},"coords":{"x":3358,"y":1062,"w":263,"h":256}},{"type":"object","tile":{"x":0,"y":-1},"screen":{"x":143,"y":0},"coords":{"x":643,"y":2654,"w":461,"h":353}},{"type":"object","tile":{"x":1,"y":-3},"screen":{"x":116,"y":17},"coords":{"x":4315,"y":3212,"w":221,"h":206}},{"type":"object","tile":{"x":1,"y":-2},"screen":{"x":9,"y":0},"coords":{"x":1953,"y":325,"w":334,"h":256}},{"type":"object","tile":{"x":1,"y":-1},"screen":{"x":0,"y":0},"coords":{"x":1107,"y":2312,"w":356,"h":351}},{"type":"object","tile":{"x":1,"y":0},"screen":{"x":0,"y":0},"coords":{"x":1107,"y":3736,"w":396,"h":360}},{"type":"object","tile":{"x":2,"y":-3},"screen":{"x":0,"y":17},"coords":{"x":4315,"y":3639,"w":226,"h":206}},{"type":"object","tile":{"x":2,"y":-2},"screen":{"x":0,"y":0},"coords":{"x":4118,"y":3591,"w":194,"h":254}},{"type":"object","tile":{"x":2,"y":-1},"screen":{"x":0,"y":0},"coords":{"x":2290,"y":344,"w":127,"h":237}}]},{"id":5,"name":"ancient-tree-1","mode":2,"type":"object","tiles":[{"type":"object","tile":{"x":-4,"y":-5},"screen":{"x":535,"y":61},"coords":{"x":5774,"y":2768,"w":105,"h":140}},{"type":"object","tile":{"x":-4,"y":-4},"screen":{"x":577,"y":64},"coords":{"x":6127,"y":2622,"w":63,"h":142}},{"type":"object","tile":{"x":-3,"y":-5},"screen":{"x":461,"y":61},"coords":{"x":7059,"y":3331,"w":179,"h":142}},{"type":"object","tile":{"x":-3,"y":-4},"screen":{"x":490,"y":40},"coords":{"x":6906,"y":3301,"w":150,"h":172}},{"type":"object","tile":{"x":-3,"y":-3},"screen":{"x":527,"y":26},"coords":{"x":5078,"y":1824,"w":113,"h":195}},{"type":"object","tile":{"x":-3,"y":-2},"screen":{"x":601,"y":1},"coords":{"x":3822,"y":793,"w":39,"h":162}},{"type":"object","tile":{"x":-2,"y":-5},"screen":{"x":387,"y":63},"coords":{"x":5325,"y":2911,"w":174,"h":139}},{"type":"object","tile":{"x":-2,"y":-4},"screen":{"x":399,"y":42},"coords":{"x":5546,"y":3673,"w":226,"h":172}},{"type":"object","tile":{"x":-2,"y":-3},"screen":{"x":417,"y":10},"coords":{"x":3864,"y":71,"w":223,"h":221}},{"type":"object","tile":{"x":-2,"y":-2},"screen":{"x":444,"y":0},"coords":{"x":2221,"y":652,"w":196,"h":262}},{"type":"object","tile":{"x":-2,"y":-1},"screen":{"x":510,"y":0},"coords":{"x":5325,"y":2108,"w":130,"h":166}},{"type":"object","tile":{"x":-1,"y":-5},"screen":{"x":313,"y":62},"coords":{"x":5325,"y":2767,"w":165,"h":141}},{"type":"object","tile":{"x":-1,"y":-4},"screen":{"x":310,"y":44},"coords":{"x":5775,"y":3675,"w":206,"h":170}},{"type":"object","tile":{"x":-1,"y":-3},"screen":{"x":300,"y":12},"coords":{"x":4636,"y":3877,"w":277,"h":219}},{"type":"object","tile":{"x":-1,"y":-2},"screen":{"x":289,"y":0},"coords":{"x":1953,"y":2254,"w":351,"h":262}},{"type":"object","tile":{"x":-1,"y":-1},"screen":{"x":267,"y":0},"coords":{"x":1107,"y":3029,"w":373,"h":341}},{"type":"object","tile":{"x":-1,"y":0},"screen":{"x":201,"y":0},"coords":{"x":643,"y":39,"w":439,"h":190}},{"type":"object","tile":{"x":0,"y":-5},"screen":{"x":235,"y":60},"coords":{"x":5477,"y":2621,"w":160,"h":143}},{"type":"object","tile":{"x":0,"y":-4},"screen":{"x":214,"y":43},"coords":{"x":6618,"y":3675,"w":200,"h":170}},{"type":"object","tile":{"x":0,"y":-3},"screen":{"x":180,"y":12},"coords":{"x":5707,"y":3877,"w":263,"h":219}},{"type":"object","tile":{"x":0,"y":-2},"screen":{"x":112,"y":0},"coords":{"x":1506,"y":2942,"w":387,"h":262}},{"type":"object","tile":{"x":0,"y":-1},"screen":{"x":28,"y":0},"coords":{"x":0,"y":2666,"w":576,"h":341}},{"type":"object","tile":{"x":1,"y":-5},"screen":{"x":155,"y":62},"coords":{"x":5493,"y":2767,"w":157,"h":141}},{"type":"object","tile":{"x":1,"y":-4},"screen":{"x":110,"y":41},"coords":{"x":5984,"y":3672,"w":201,"h":173}},{"type":"object","tile":{"x":1,"y":-3},"screen":{"x":41,"y":10},"coords":{"x":5437,"y":3875,"w":267,"h":221}},{"type":"object","tile":{"x":1,"y":-2},"screen":{"x":0,"y":0},"coords":{"x":2420,"y":1784,"w":304,"h":262}},{"type":"object","tile":{"x":1,"y":-1},"screen":{"x":0,"y":0},"coords":{"x":1953,"y":2847,"w":285,"h":334}},{"type":"object","tile":{"x":1,"y":0},"screen":{"x":0,"y":0},"coords":{"x":468,"y":867,"w":168,"h":357}},{"type":"object","tile":{"x":2,"y":-5},"screen":{"x":70,"y":60},"coords":{"x":5640,"y":2621,"w":159,"h":143}},{"type":"object","tile":{"x":2,"y":-4},"screen":{"x":10,"y":41},"coords":{"x":6188,"y":3672,"w":199,"h":173}},{"type":"object","tile":{"x":2,"y":-3},"screen":{"x":0,"y":11},"coords":{"x":4544,"y":2584,"w":182,"h":220}},{"type":"object","tile":{"x":2,"y":-2},"screen":{"x":0,"y":0},"coords":{"x":2264,"y":60,"w":138,"h":262}},{"type":"object","tile":{"x":2,"y":-1},"screen":{"x":0,"y":23},"coords":{"x":1896,"y":2945,"w":50,"h":259}},{"type":"object","tile":{"x":3,"y":-5},"screen":{"x":0,"y":60},"coords":{"x":5802,"y":2621,"w":157,"h":143}},{"type":"object","tile":{"x":3,"y":-4},"screen":{"x":0,"y":40},"coords":{"x":5325,"y":1931,"w":124,"h":174}},{"type":"object","tile":{"x":3,"y":-3},"screen":{"x":0,"y":12},"coords":{"x":5603,"y":2250,"w":76,"h":219}},{"type":"object","tile":{"x":4,"y":-5},"screen":{"x":0,"y":60},"coords":{"x":5962,"y":2621,"w":85,"h":143}},{"type":"object","tile":{"x":4,"y":-4},"screen":{"x":0,"y":52},"coords":{"x":1902,"y":1855,"w":39,"h":154}}]},{"id":6,"name":"ancient-tree-2","mode":2,"type":"object","tiles":[{"type":"object","tile":{"x":-4,"y":-5},"screen":{"x":537,"y":56},"coords":{"x":5784,"y":2322,"w":103,"h":147}},{"type":"object","tile":{"x":-4,"y":-4},"screen":{"x":578,"y":69},"coords":{"x":5882,"y":2768,"w":62,"h":140}},{"type":"object","tile":{"x":-4,"y":-3},"screen":{"x":631,"y":77},"coords":{"x":627,"y":2671,"w":9,"h":48}},{"type":"object","tile":{"x":-3,"y":-5},"screen":{"x":467,"y":53},"coords":{"x":6434,"y":3322,"w":173,"h":151}},{"type":"object","tile":{"x":-3,"y":-4},"screen":{"x":495,"y":28},"coords":{"x":5800,"y":3285,"w":145,"h":188}},{"type":"object","tile":{"x":-3,"y":-3},"screen":{"x":536,"y":22},"coords":{"x":5078,"y":1610,"w":104,"h":211}},{"type":"object","tile":{"x":-3,"y":-2},"screen":{"x":602,"y":22},"coords":{"x":189,"y":19,"w":38,"h":116}},{"type":"object","tile":{"x":-2,"y":-5},"screen":{"x":397,"y":52},"coords":{"x":7550,"y":3321,"w":166,"h":152}},{"type":"object","tile":{"x":-2,"y":-4},"screen":{"x":411,"y":28},"coords":{"x":4787,"y":3477,"w":208,"h":188}},{"type":"object","tile":{"x":-2,"y":-3},"screen":{"x":433,"y":0},"coords":{"x":6244,"y":3860,"w":207,"h":236}},{"type":"object","tile":{"x":-2,"y":-2},"screen":{"x":467,"y":0},"coords":{"x":465,"y":593,"w":173,"h":268}},{"type":"object","tile":{"x":-2,"y":-1},"screen":{"x":534,"y":0},"coords":{"x":2637,"y":1244,"w":106,"h":299}},{"type":"object","tile":{"x":-1,"y":-5},"screen":{"x":327,"y":52},"coords":{"x":8028,"y":3321,"w":156,"h":152}},{"type":"object","tile":{"x":-1,"y":-4},"screen":{"x":328,"y":24},"coords":{"x":4922,"y":3281,"w":196,"h":192}},{"type":"object","tile":{"x":-1,"y":-3},"screen":{"x":329,"y":0},"coords":{"x":5181,"y":3860,"w":253,"h":236}},{"type":"object","tile":{"x":-1,"y":-2},"screen":{"x":332,"y":0},"coords":{"x":1953,"y":46,"w":308,"h":276}},{"type":"object","tile":{"x":-1,"y":-1},"screen":{"x":336,"y":0},"coords":{"x":1107,"y":892,"w":304,"h":360}},{"type":"object","tile":{"x":-1,"y":0},"screen":{"x":385,"y":0},"coords":{"x":2420,"y":7,"w":255,"h":202}},{"type":"object","tile":{"x":0,"y":-5},"screen":{"x":257,"y":50},"coords":{"x":5325,"y":2610,"w":149,"h":154}},{"type":"object","tile":{"x":0,"y":-4},"screen":{"x":244,"y":24},"coords":{"x":4729,"y":2667,"w":186,"h":192}},{"type":"object","tile":{"x":0,"y":-3},"screen":{"x":224,"y":0},"coords":{"x":3864,"y":2059,"w":240,"h":237}},{"type":"object","tile":{"x":0,"y":-2},"screen":{"x":189,"y":0},"coords":{"x":1953,"y":1612,"w":328,"h":276}},{"type":"object","tile":{"x":0,"y":-1},"screen":{"x":90,"y":0},"coords":{"x":0,"y":3010,"w":549,"h":360}},{"type":"object","tile":{"x":1,"y":-5},"screen":{"x":182,"y":49},"coords":{"x":5325,"y":2452,"w":147,"h":155}},{"type":"object","tile":{"x":1,"y":-4},"screen":{"x":150,"y":23},"coords":{"x":4544,"y":1942,"w":181,"h":193}},{"type":"object","tile":{"x":1,"y":-3},"screen":{"x":99,"y":0},"coords":{"x":3864,"y":2299,"w":244,"h":237}},{"type":"object","tile":{"x":1,"y":-2},"screen":{"x":3,"y":0},"coords":{"x":1953,"y":3184,"w":347,"h":277}},{"type":"object","tile":{"x":1,"y":-1},"screen":{"x":0,"y":0},"coords":{"x":1107,"y":1981,"w":377,"h":328}},{"type":"object","tile":{"x":1,"y":0},"screen":{"x":0,"y":0},"coords":{"x":0,"y":1590,"w":481,"h":360}},{"type":"object","tile":{"x":2,"y":-5},"screen":{"x":100,"y":49},"coords":{"x":4922,"y":40,"w":152,"h":155}},{"type":"object","tile":{"x":2,"y":-4},"screen":{"x":48,"y":23},"coords":{"x":4729,"y":2862,"w":189,"h":193}},{"type":"object","tile":{"x":2,"y":-3},"screen":{"x":0,"y":0},"coords":{"x":3864,"y":543,"w":223,"h":237}},{"type":"object","tile":{"x":2,"y":-2},"screen":{"x":0,"y":0},"coords":{"x":2224,"y":1363,"w":185,"h":246}},{"type":"object","tile":{"x":2,"y":-1},"screen":{"x":0,"y":0},"coords":{"x":5603,"y":2472,"w":127,"h":146}},{"type":"object","tile":{"x":3,"y":-5},"screen":{"x":15,"y":49},"coords":{"x":7384,"y":3318,"w":163,"h":155}},{"type":"object","tile":{"x":3,"y":-4},"screen":{"x":0,"y":23},"coords":{"x":5283,"y":3286,"w":153,"h":187}},{"type":"object","tile":{"x":3,"y":-3},"screen":{"x":0,"y":23},"coords":{"x":5078,"y":2432,"w":116,"h":196}},{"type":"object","tile":{"x":3,"y":-2},"screen":{"x":0,"y":46},"coords":{"x":552,"y":3013,"w":54,"h":102}},{"type":"object","tile":{"x":4,"y":-5},"screen":{"x":0,"y":61},"coords":{"x":3546,"y":703,"w":110,"h":136}},{"type":"object","tile":{"x":4,"y":-4},"screen":{"x":0,"y":54},"coords":{"x":5603,"y":154,"w":70,"h":151}},{"type":"object","tile":{"x":4,"y":-3},"screen":{"x":0,"y":78},"coords":{"x":609,"y":3029,"w":12,"h":11}}]},{"id":7,"name":"ancient-tree-3","mode":2,"type":"object","tiles":[{"type":"object","tile":{"x":-4,"y":-5},"screen":{"x":533,"y":58},"coords":{"x":5502,"y":2911,"w":107,"h":139}},{"type":"object","tile":{"x":-4,"y":-4},"screen":{"x":575,"y":40},"coords":{"x":5603,"y":308,"w":65,"h":167}},{"type":"object","tile":{"x":-3,"y":-5},"screen":{"x":454,"y":59},"coords":{"x":5948,"y":3330,"w":186,"h":143}},{"type":"object","tile":{"x":-3,"y":-4},"screen":{"x":480,"y":38},"coords":{"x":5637,"y":3299,"w":160,"h":174}},{"type":"object","tile":{"x":-3,"y":-3},"screen":{"x":525,"y":6},"coords":{"x":8062,"y":3063,"w":115,"h":215}},{"type":"object","tile":{"x":-3,"y":-2},"screen":{"x":602,"y":1},"coords":{"x":271,"y":41,"w":38,"h":94}},{"type":"object","tile":{"x":-2,"y":-5},"screen":{"x":375,"y":59},"coords":{"x":5439,"y":3330,"w":195,"h":143}},{"type":"object","tile":{"x":-2,"y":-4},"screen":{"x":387,"y":38},"coords":{"x":5308,"y":3668,"w":235,"h":177}},{"type":"object","tile":{"x":-2,"y":-3},"screen":{"x":404,"y":0},"coords":{"x":3864,"y":783,"w":236,"h":235}},{"type":"object","tile":{"x":-2,"y":-2},"screen":{"x":433,"y":0},"coords":{"x":3864,"y":295,"w":207,"h":245}},{"type":"object","tile":{"x":-2,"y":-1},"screen":{"x":502,"y":0},"coords":{"x":1778,"y":133,"w":138,"h":265}},{"type":"object","tile":{"x":-1,"y":-5},"screen":{"x":296,"y":59},"coords":{"x":7366,"y":3522,"w":203,"h":143}},{"type":"object","tile":{"x":-1,"y":-4},"screen":{"x":292,"y":38},"coords":{"x":5062,"y":3668,"w":243,"h":177}},{"type":"object","tile":{"x":-1,"y":-3},"screen":{"x":282,"y":0},"coords":{"x":3358,"y":3623,"w":308,"h":235}},{"type":"object","tile":{"x":-1,"y":-2},"screen":{"x":263,"y":0},"coords":{"x":1107,"y":45,"w":377,"h":276}},{"type":"object","tile":{"x":-1,"y":-1},"screen":{"x":223,"y":0},"coords":{"x":643,"y":232,"w":417,"h":343}},{"type":"object","tile":{"x":-1,"y":0},"screen":{"x":291,"y":0},"coords":{"x":1107,"y":2666,"w":349,"h":360}},{"type":"object","tile":{"x":0,"y":-5},"screen":{"x":217,"y":59},"coords":{"x":6362,"y":3522,"w":209,"h":143}},{"type":"object","tile":{"x":0,"y":-4},"screen":{"x":196,"y":38},"coords":{"x":4808,"y":3668,"w":251,"h":177}},{"type":"object","tile":{"x":0,"y":-3},"screen":{"x":158,"y":0},"coords":{"x":3358,"y":3861,"w":321,"h":235}},{"type":"object","tile":{"x":0,"y":-2},"screen":{"x":93,"y":0},"coords":{"x":1506,"y":3496,"w":443,"h":276}},{"type":"object","tile":{"x":0,"y":-1},"screen":{"x":0,"y":0},"coords":{"x":0,"y":3736,"w":640,"h":360}},{"type":"object","tile":{"x":1,"y":-5},"screen":{"x":138,"y":59},"coords":{"x":7879,"y":3702,"w":215,"h":143}},{"type":"object","tile":{"x":1,"y":-4},"screen":{"x":99,"y":38},"coords":{"x":4544,"y":3668,"w":261,"h":177}},{"type":"object","tile":{"x":1,"y":-3},"screen":{"x":33,"y":0},"coords":{"x":2420,"y":1546,"w":337,"h":235}},{"type":"object","tile":{"x":1,"y":-2},"screen":{"x":0,"y":0},"coords":{"x":1107,"y":613,"w":388,"h":276}},{"type":"object","tile":{"x":1,"y":-1},"screen":{"x":0,"y":0},"coords":{"x":643,"y":1267,"w":424,"h":346}},{"type":"object","tile":{"x":1,"y":0},"screen":{"x":0,"y":0},"coords":{"x":643,"y":2291,"w":452,"h":360}},{"type":"object","tile":{"x":2,"y":-5},"screen":{"x":60,"y":59},"coords":{"x":7447,"y":3702,"w":221,"h":143}},{"type":"object","tile":{"x":2,"y":-4},"screen":{"x":2,"y":38},"coords":{"x":7197,"y":3919,"w":271,"h":177}},{"type":"object","tile":{"x":2,"y":-3},"screen":{"x":0,"y":7},"coords":{"x":4916,"y":3868,"w":262,"h":228}},{"type":"object","tile":{"x":2,"y":-2},"screen":{"x":0,"y":0},"coords":{"x":3864,"y":3574,"w":243,"h":263}},{"type":"object","tile":{"x":2,"y":-1},"screen":{"x":0,"y":0},"coords":{"x":6985,"y":3519,"w":204,"h":146}},{"type":"object","tile":{"x":2,"y":0},"screen":{"x":0,"y":0},"coords":{"x":566,"y":557,"w":41,"h":33}},{"type":"object","tile":{"x":3,"y":-5},"screen":{"x":0,"y":59},"coords":{"x":6574,"y":3522,"w":209,"h":143}},{"type":"object","tile":{"x":3,"y":-4},"screen":{"x":0,"y":40},"coords":{"x":7042,"y":3670,"w":187,"h":175}},{"type":"object","tile":{"x":3,"y":-3},"screen":{"x":0,"y":20},"coords":{"x":4922,"y":1798,"w":153,"h":197}},{"type":"object","tile":{"x":3,"y":-2},"screen":{"x":0,"y":52},"coords":{"x":465,"y":507,"w":98,"h":83}},{"type":"object","tile":{"x":4,"y":-5},"screen":{"x":0,"y":59},"coords":{"x":5325,"y":844,"w":137,"h":142}},{"type":"object","tile":{"x":4,"y":-4},"screen":{"x":0,"y":73},"coords":{"x":0,"y":3,"w":100,"h":132}},{"type":"object","tile":{"x":4,"y":-3},"screen":{"x":0,"y":97},"coords":{"x":579,"y":2680,"w":45,"h":39}}]},{"id":8,"name":"ancient-tree-4","mode":2,"type":"object","tiles":[{"type":"object","tile":{"x":-4,"y":-5},"screen":{"x":522,"y":59},"coords":{"x":5653,"y":2767,"w":118,"h":141}},{"type":"object","tile":{"x":-4,"y":-4},"screen":{"x":567,"y":66},"coords":{"x":2984,"y":314,"w":73,"h":138}},{"type":"object","tile":{"x":-4,"y":-3},"screen":{"x":637,"y":77},"coords":{"x":637,"y":3699,"w":3,"h":34}},{"type":"object","tile":{"x":-3,"y":-5},"screen":{"x":443,"y":53},"coords":{"x":4118,"y":17,"w":192,"h":154}},{"type":"object","tile":{"x":-3,"y":-4},"screen":{"x":470,"y":31},"coords":{"x":3682,"y":8,"w":170,"h":189}},{"type":"object","tile":{"x":-3,"y":-3},"screen":{"x":512,"y":44},"coords":{"x":5325,"y":2277,"w":128,"h":172}},{"type":"object","tile":{"x":-3,"y":-2},"screen":{"x":589,"y":51},"coords":{"x":561,"y":2334,"w":51,"h":62}},{"type":"object","tile":{"x":-2,"y":-5},"screen":{"x":363,"y":54},"coords":{"x":6161,"y":3512,"w":198,"h":153}},{"type":"object","tile":{"x":-2,"y":-4},"screen":{"x":372,"y":31},"coords":{"x":4544,"y":3476,"w":240,"h":189}},{"type":"object","tile":{"x":-2,"y":-3},"screen":{"x":387,"y":0},"coords":{"x":4380,"y":3854,"w":253,"h":242}},{"type":"object","tile":{"x":-2,"y":-2},"screen":{"x":413,"y":0},"coords":{"x":3864,"y":1549,"w":227,"h":249}},{"type":"object","tile":{"x":-2,"y":-1},"screen":{"x":476,"y":0},"coords":{"x":7861,"y":3325,"w":164,"h":148}},{"type":"object","tile":{"x":-1,"y":-5},"screen":{"x":283,"y":54},"coords":{"x":7671,"y":3692,"w":205,"h":153}},{"type":"object","tile":{"x":-1,"y":-4},"screen":{"x":274,"y":32},"coords":{"x":7910,"y":3908,"w":249,"h":188}},{"type":"object","tile":{"x":-1,"y":-3},"screen":{"x":261,"y":0},"coords":{"x":2420,"y":938,"w":317,"h":242}},{"type":"object","tile":{"x":-1,"y":-2},"screen":{"x":236,"y":0},"coords":{"x":1506,"y":3207,"w":404,"h":286}},{"type":"object","tile":{"x":-1,"y":-1},"screen":{"x":175,"y":0},"coords":{"x":0,"y":864,"w":465,"h":360}},{"type":"object","tile":{"x":-1,"y":0},"screen":{"x":166,"y":0},"coords":{"x":0,"y":1227,"w":474,"h":360}},{"type":"object","tile":{"x":0,"y":-5},"screen":{"x":203,"y":54},"coords":{"x":7232,"y":3692,"w":212,"h":153}},{"type":"object","tile":{"x":0,"y":-4},"screen":{"x":177,"y":33},"coords":{"x":6936,"y":3909,"w":258,"h":187}},{"type":"object","tile":{"x":0,"y":-3},"screen":{"x":134,"y":0},"coords":{"x":2420,"y":2049,"w":330,"h":242}},{"type":"object","tile":{"x":0,"y":-2},"screen":{"x":57,"y":0},"coords":{"x":1953,"y":3810,"w":464,"h":286}},{"type":"object","tile":{"x":0,"y":-1},"screen":{"x":0,"y":0},"coords":{"x":0,"y":3373,"w":634,"h":360}},{"type":"object","tile":{"x":1,"y":-5},"screen":{"x":124,"y":55},"coords":{"x":6821,"y":3693,"w":218,"h":152}},{"type":"object","tile":{"x":1,"y":-4},"screen":{"x":79,"y":33},"coords":{"x":5973,"y":3909,"w":268,"h":187}},{"type":"object","tile":{"x":1,"y":-3},"screen":{"x":8,"y":0},"coords":{"x":2420,"y":3854,"w":346,"h":242}},{"type":"object","tile":{"x":1,"y":-2},"screen":{"x":0,"y":0},"coords":{"x":1107,"y":324,"w":371,"h":286}},{"type":"object","tile":{"x":1,"y":-1},"screen":{"x":0,"y":0},"coords":{"x":643,"y":578,"w":401,"h":360}},{"type":"object","tile":{"x":1,"y":0},"screen":{"x":0,"y":0},"coords":{"x":643,"y":1616,"w":436,"h":340}},{"type":"object","tile":{"x":2,"y":-5},"screen":{"x":44,"y":54},"coords":{"x":6390,"y":3692,"w":225,"h":153}},{"type":"object","tile":{"x":2,"y":-4},"screen":{"x":0,"y":33},"coords":{"x":6674,"y":3909,"w":259,"h":187}},{"type":"object","tile":{"x":2,"y":-3},"screen":{"x":0,"y":0},"coords":{"x":3864,"y":2803,"w":243,"h":242}},{"type":"object","tile":{"x":2,"y":-2},"screen":{"x":0,"y":0},"coords":{"x":3864,"y":1801,"w":222,"h":255}},{"type":"object","tile":{"x":2,"y":-1},"screen":{"x":0,"y":0},"coords":{"x":7192,"y":3495,"w":171,"h":170}},{"type":"object","tile":{"x":2,"y":0},"screen":{"x":0,"y":4},"coords":{"x":624,"y":3036,"w":4,"h":4}},{"type":"object","tile":{"x":3,"y":-5},"screen":{"x":0,"y":55},"coords":{"x":6786,"y":3513,"w":196,"h":152}},{"type":"object","tile":{"x":3,"y":-4},"screen":{"x":0,"y":33},"coords":{"x":5987,"y":3478,"w":171,"h":187}},{"type":"object","tile":{"x":3,"y":-3},"screen":{"x":0,"y":9},"coords":{"x":3546,"y":842,"w":133,"h":217}},{"type":"object","tile":{"x":3,"y":-2},"screen":{"x":0,"y":22},"coords":{"x":6050,"y":2622,"w":74,"h":142}},{"type":"object","tile":{"x":4,"y":-5},"screen":{"x":0,"y":55},"coords":{"x":5477,"y":2467,"w":123,"h":151}},{"type":"object","tile":{"x":4,"y":-4},"screen":{"x":0,"y":48},"coords":{"x":103,"y":23,"w":83,"h":112}},{"type":"object","tile":{"x":4,"y":-3},"screen":{"x":0,"y":110},"coords":{"x":615,"y":2347,"w":23,"h":49}}]},{"id":9,"name":"tower-1","mode":2,"type":"object","tiles":[{"type":"object","tile":{"x":-4,"y":-5},"screen":{"x":554,"y":0},"coords":{"x":5078,"y":41,"w":86,"h":196}},{"type":"object","tile":{"x":-4,"y":-4},"screen":{"x":600,"y":0},"coords":{"x":3638,"y":2629,"w":40,"h":201}},{"type":"object","tile":{"x":-3,"y":-5},"screen":{"x":483,"y":0},"coords":{"x":4922,"y":1398,"w":139,"h":197}},{"type":"object","tile":{"x":-3,"y":-4},"screen":{"x":516,"y":0},"coords":{"x":6750,"y":3070,"w":124,"h":208}},{"type":"object","tile":{"x":-3,"y":-3},"screen":{"x":563,"y":0},"coords":{"x":2673,"y":2395,"w":77,"h":220}},{"type":"object","tile":{"x":-2,"y":-5},"screen":{"x":410,"y":0},"coords":{"x":7010,"y":3081,"w":130,"h":197}},{"type":"object","tile":{"x":-2,"y":-4},"screen":{"x":428,"y":0},"coords":{"x":4544,"y":1269,"w":163,"h":208}},{"type":"object","tile":{"x":-2,"y":-3},"screen":{"x":456,"y":0},"coords":{"x":4118,"y":174,"w":184,"h":227}},{"type":"object","tile":{"x":-2,"y":-2},"screen":{"x":501,"y":0},"coords":{"x":3682,"y":2989,"w":139,"h":257}},{"type":"object","tile":{"x":-2,"y":-1},"screen":{"x":589,"y":0},"coords":{"x":2984,"y":1109,"w":51,"h":284}},{"type":"object","tile":{"x":-1,"y":-5},"screen":{"x":335,"y":0},"coords":{"x":5197,"y":2453,"w":125,"h":197}},{"type":"object","tile":{"x":-1,"y":-4},"screen":{"x":338,"y":0},"coords":{"x":4729,"y":259,"w":153,"h":208}},{"type":"object","tile":{"x":-1,"y":-3},"screen":{"x":343,"y":0},"coords":{"x":4315,"y":2522,"w":199,"h":227}},{"type":"object","tile":{"x":-1,"y":-2},"screen":{"x":352,"y":0},"coords":{"x":2769,"y":3292,"w":287,"h":266}},{"type":"object","tile":{"x":-1,"y":-1},"screen":{"x":370,"y":0},"coords":{"x":1506,"y":1490,"w":270,"h":360}},{"type":"object","tile":{"x":-1,"y":0},"screen":{"x":428,"y":0},"coords":{"x":2769,"y":670,"w":212,"h":360}},{"type":"object","tile":{"x":0,"y":-5},"screen":{"x":259,"y":0},"coords":{"x":5197,"y":1253,"w":122,"h":197}},{"type":"object","tile":{"x":0,"y":-4},"screen":{"x":245,"y":0},"coords":{"x":4922,"y":1998,"w":149,"h":208}},{"type":"object","tile":{"x":0,"y":-3},"screen":{"x":224,"y":0},"coords":{"x":4118,"y":3131,"w":192,"h":227}},{"type":"object","tile":{"x":0,"y":-2},"screen":{"x":186,"y":0},"coords":{"x":3358,"y":3085,"w":268,"h":266}},{"type":"object","tile":{"x":0,"y":-1},"screen":{"x":89,"y":0},"coords":{"x":0,"y":501,"w":462,"h":360}},{"type":"object","tile":{"x":1,"y":-5},"screen":{"x":181,"y":0},"coords":{"x":5197,"y":1453,"w":124,"h":197}},{"type":"object","tile":{"x":1,"y":-4},"screen":{"x":149,"y":0},"coords":{"x":4729,"y":48,"w":153,"h":208}},{"type":"object","tile":{"x":1,"y":-3},"screen":{"x":98,"y":0},"coords":{"x":4315,"y":2062,"w":199,"h":227}},{"type":"object","tile":{"x":1,"y":-2},"screen":{"x":1,"y":0},"coords":{"x":2769,"y":3561,"w":287,"h":266}},{"type":"object","tile":{"x":1,"y":-1},"screen":{"x":0,"y":0},"coords":{"x":1506,"y":38,"w":269,"h":360}},{"type":"object","tile":{"x":1,"y":0},"screen":{"x":0,"y":0},"coords":{"x":2420,"y":575,"w":213,"h":360}},{"type":"object","tile":{"x":2,"y":-5},"screen":{"x":100,"y":0},"coords":{"x":7542,"y":3081,"w":130,"h":197}},{"type":"object","tile":{"x":2,"y":-4},"screen":{"x":49,"y":0},"coords":{"x":4544,"y":425,"w":163,"h":208}},{"type":"object","tile":{"x":2,"y":-3},"screen":{"x":0,"y":0},"coords":{"x":4118,"y":1094,"w":184,"h":227}},{"type":"object","tile":{"x":2,"y":-2},"screen":{"x":0,"y":0},"coords":{"x":3682,"y":2217,"w":138,"h":257}},{"type":"object","tile":{"x":2,"y":-1},"screen":{"x":0,"y":0},"coords":{"x":2984,"y":1835,"w":51,"h":284}},{"type":"object","tile":{"x":3,"y":-5},"screen":{"x":19,"y":0},"coords":{"x":4922,"y":598,"w":138,"h":197}},{"type":"object","tile":{"x":3,"y":-4},"screen":{"x":0,"y":0},"coords":{"x":6240,"y":3070,"w":125,"h":208}},{"type":"object","tile":{"x":3,"y":-3},"screen":{"x":0,"y":0},"coords":{"x":5078,"y":391,"w":77,"h":220}},{"type":"object","tile":{"x":4,"y":-5},"screen":{"x":0,"y":0},"coords":{"x":5477,"y":1664,"w":86,"h":196}},{"type":"object","tile":{"x":4,"y":-4},"screen":{"x":0,"y":0},"coords":{"x":3637,"y":2376,"w":40,"h":201}}]},{"id":10,"name":"tower-2","mode":2,"type":"object","tiles":[{"type":"object","tile":{"x":-4,"y":-5},"screen":{"x":554,"y":0},"coords":{"x":5477,"y":1465,"w":86,"h":196}},{"type":"object","tile":{"x":-4,"y":-4},"screen":{"x":600,"y":0},"coords":{"x":3639,"y":2123,"w":40,"h":201}},{"type":"object","tile":{"x":-3,"y":-5},"screen":{"x":483,"y":0},"coords":{"x":4922,"y":1598,"w":139,"h":197}},{"type":"object","tile":{"x":-3,"y":-4},"screen":{"x":516,"y":0},"coords":{"x":6496,"y":3070,"w":124,"h":208}},{"type":"object","tile":{"x":-3,"y":-3},"screen":{"x":563,"y":0},"coords":{"x":3274,"y":3345,"w":77,"h":220}},{"type":"object","tile":{"x":-2,"y":-5},"screen":{"x":410,"y":0},"coords":{"x":7808,"y":3081,"w":129,"h":197}},{"type":"object","tile":{"x":-2,"y":-4},"screen":{"x":428,"y":0},"coords":{"x":4544,"y":214,"w":163,"h":208}},{"type":"object","tile":{"x":-2,"y":-3},"screen":{"x":456,"y":0},"coords":{"x":4118,"y":634,"w":184,"h":227}},{"type":"object","tile":{"x":-2,"y":-2},"screen":{"x":502,"y":0},"coords":{"x":3682,"y":2477,"w":138,"h":257}},{"type":"object","tile":{"x":-2,"y":-1},"screen":{"x":589,"y":0},"coords":{"x":2984,"y":2198,"w":51,"h":284}},{"type":"object","tile":{"x":-1,"y":-5},"screen":{"x":335,"y":0},"coords":{"x":5197,"y":2053,"w":125,"h":197}},{"type":"object","tile":{"x":-1,"y":-4},"screen":{"x":338,"y":0},"coords":{"x":4729,"y":470,"w":153,"h":208}},{"type":"object","tile":{"x":-1,"y":-3},"screen":{"x":343,"y":0},"coords":{"x":4315,"y":2292,"w":199,"h":227}},{"type":"object","tile":{"x":-1,"y":-2},"screen":{"x":352,"y":0},"coords":{"x":2769,"y":3023,"w":287,"h":266}},{"type":"object","tile":{"x":-1,"y":-1},"screen":{"x":370,"y":0},"coords":{"x":1506,"y":2579,"w":270,"h":360}},{"type":"object","tile":{"x":-1,"y":0},"screen":{"x":428,"y":0},"coords":{"x":2769,"y":1759,"w":212,"h":360}},{"type":"object","tile":{"x":0,"y":-5},"screen":{"x":259,"y":0},"coords":{"x":5197,"y":853,"w":122,"h":197}},{"type":"object","tile":{"x":0,"y":-4},"screen":{"x":245,"y":0},"coords":{"x":4922,"y":2209,"w":149,"h":208}},{"type":"object","tile":{"x":0,"y":-3},"screen":{"x":224,"y":0},"coords":{"x":4118,"y":2671,"w":191,"h":227}},{"type":"object","tile":{"x":0,"y":-2},"screen":{"x":186,"y":0},"coords":{"x":3060,"y":112,"w":268,"h":266}},{"type":"object","tile":{"x":0,"y":-1},"screen":{"x":89,"y":0},"coords":{"x":643,"y":3373,"w":461,"h":360}},{"type":"object","tile":{"x":1,"y":-5},"screen":{"x":180,"y":0},"coords":{"x":5197,"y":2253,"w":125,"h":197}},{"type":"object","tile":{"x":1,"y":-4},"screen":{"x":149,"y":0},"coords":{"x":4729,"y":892,"w":153,"h":208}},{"type":"object","tile":{"x":1,"y":-3},"screen":{"x":98,"y":0},"coords":{"x":4315,"y":1152,"w":198,"h":227}},{"type":"object","tile":{"x":1,"y":-2},"screen":{"x":2,"y":0},"coords":{"x":2769,"y":38,"w":286,"h":266}},{"type":"object","tile":{"x":1,"y":-1},"screen":{"x":0,"y":0},"coords":{"x":1506,"y":764,"w":270,"h":360}},{"type":"object","tile":{"x":1,"y":0},"screen":{"x":0,"y":0},"coords":{"x":2769,"y":1396,"w":212,"h":360}},{"type":"object","tile":{"x":2,"y":-5},"screen":{"x":100,"y":0},"coords":{"x":7276,"y":3081,"w":130,"h":197}},{"type":"object","tile":{"x":2,"y":-4},"screen":{"x":49,"y":0},"coords":{"x":4544,"y":636,"w":163,"h":208}},{"type":"object","tile":{"x":2,"y":-3},"screen":{"x":0,"y":0},"coords":{"x":4315,"y":248,"w":184,"h":227}},{"type":"object","tile":{"x":2,"y":-2},"screen":{"x":0,"y":0},"coords":{"x":3682,"y":3249,"w":139,"h":257}},{"type":"object","tile":{"x":2,"y":-1},"screen":{"x":0,"y":0},"coords":{"x":589,"y":213,"w":51,"h":285}},{"type":"object","tile":{"x":3,"y":-5},"screen":{"x":19,"y":0},"coords":{"x":4922,"y":798,"w":138,"h":197}},{"type":"object","tile":{"x":3,"y":-4},"screen":{"x":0,"y":0},"coords":{"x":5856,"y":3070,"w":125,"h":208}},{"type":"object","tile":{"x":3,"y":-3},"screen":{"x":0,"y":0},"coords":{"x":3274,"y":2982,"w":77,"h":220}},{"type":"object","tile":{"x":4,"y":-5},"screen":{"x":0,"y":0},"coords":{"x":5477,"y":1266,"w":86,"h":196}},{"type":"object","tile":{"x":4,"y":-4},"screen":{"x":0,"y":0},"coords":{"x":3633,"y":1620,"w":40,"h":201}}]},{"id":11,"name":"tower-3","mode":2,"type":"object","tiles":[{"type":"object","tile":{"x":-4,"y":-5},"screen":{"x":554,"y":0},"coords":{"x":5477,"y":868,"w":86,"h":196}},{"type":"object","tile":{"x":-4,"y":-4},"screen":{"x":600,"y":0},"coords":{"x":3634,"y":1872,"w":40,"h":201}},{"type":"object","tile":{"x":-3,"y":-5},"screen":{"x":483,"y":0},"coords":{"x":4922,"y":1198,"w":139,"h":197}},{"type":"object","tile":{"x":-3,"y":-4},"screen":{"x":515,"y":0},"coords":{"x":5984,"y":3070,"w":125,"h":208}},{"type":"object","tile":{"x":-3,"y":-3},"screen":{"x":563,"y":0},"coords":{"x":3267,"y":1412,"w":77,"h":220}},{"type":"object","tile":{"x":-2,"y":-5},"screen":{"x":410,"y":0},"coords":{"x":6877,"y":3081,"w":130,"h":197}},{"type":"object","tile":{"x":-2,"y":-4},"screen":{"x":428,"y":0},"coords":{"x":4544,"y":1058,"w":163,"h":208}},{"type":"object","tile":{"x":-2,"y":-3},"screen":{"x":456,"y":0},"coords":{"x":4315,"y":478,"w":184,"h":227}},{"type":"object","tile":{"x":-2,"y":-2},"screen":{"x":502,"y":0},"coords":{"x":3682,"y":1177,"w":138,"h":257}},{"type":"object","tile":{"x":-2,"y":-1},"screen":{"x":589,"y":0},"coords":{"x":1434,"y":1694,"w":51,"h":284}},{"type":"object","tile":{"x":-1,"y":-5},"screen":{"x":335,"y":0},"coords":{"x":5197,"y":2653,"w":125,"h":197}},{"type":"object","tile":{"x":-1,"y":-4},"screen":{"x":338,"y":0},"coords":{"x":4922,"y":3070,"w":153,"h":208}},{"type":"object","tile":{"x":-1,"y":-3},"screen":{"x":343,"y":0},"coords":{"x":4315,"y":1602,"w":199,"h":227}},{"type":"object","tile":{"x":-1,"y":-2},"screen":{"x":352,"y":0},"coords":{"x":2769,"y":2754,"w":287,"h":266}},{"type":"object","tile":{"x":-1,"y":-1},"screen":{"x":370,"y":0},"coords":{"x":1506,"y":401,"w":270,"h":360}},{"type":"object","tile":{"x":-1,"y":0},"screen":{"x":428,"y":0},"coords":{"x":2769,"y":1033,"w":212,"h":360}},{"type":"object","tile":{"x":0,"y":-5},"screen":{"x":259,"y":0},"coords":{"x":5197,"y":1053,"w":122,"h":197}},{"type":"object","tile":{"x":0,"y":-4},"screen":{"x":245,"y":0},"coords":{"x":4922,"y":2420,"w":149,"h":208}},{"type":"object","tile":{"x":0,"y":-3},"screen":{"x":224,"y":0},"coords":{"x":4118,"y":2901,"w":192,"h":227}},{"type":"object","tile":{"x":0,"y":-2},"screen":{"x":186,"y":0},"coords":{"x":3060,"y":381,"w":268,"h":266}},{"type":"object","tile":{"x":0,"y":-1},"screen":{"x":89,"y":0},"coords":{"x":643,"y":3736,"w":461,"h":360}},{"type":"object","tile":{"x":1,"y":-5},"screen":{"x":180,"y":0},"coords":{"x":5197,"y":1853,"w":125,"h":197}},{"type":"object","tile":{"x":1,"y":-4},"screen":{"x":149,"y":0},"coords":{"x":4729,"y":681,"w":153,"h":208}},{"type":"object","tile":{"x":1,"y":-3},"screen":{"x":98,"y":0},"coords":{"x":4315,"y":1832,"w":199,"h":227}},{"type":"object","tile":{"x":1,"y":-2},"screen":{"x":1,"y":0},"coords":{"x":2769,"y":2485,"w":287,"h":266}},{"type":"object","tile":{"x":1,"y":-1},"screen":{"x":0,"y":0},"coords":{"x":1506,"y":2216,"w":270,"h":360}},{"type":"object","tile":{"x":1,"y":0},"screen":{"x":0,"y":0},"coords":{"x":2420,"y":212,"w":213,"h":360}},{"type":"object","tile":{"x":2,"y":-5},"screen":{"x":100,"y":0},"coords":{"x":7143,"y":3081,"w":130,"h":197}},{"type":"object","tile":{"x":2,"y":-4},"screen":{"x":49,"y":0},"coords":{"x":4544,"y":847,"w":163,"h":208}},{"type":"object","tile":{"x":2,"y":-3},"screen":{"x":0,"y":0},"coords":{"x":4118,"y":864,"w":184,"h":227}},{"type":"object","tile":{"x":2,"y":-2},"screen":{"x":0,"y":0},"coords":{"x":3682,"y":1697,"w":138,"h":257}},{"type":"object","tile":{"x":2,"y":-1},"screen":{"x":0,"y":0},"coords":{"x":579,"y":2722,"w":51,"h":285}},{"type":"object","tile":{"x":3,"y":-5},"screen":{"x":18,"y":0},"coords":{"x":4922,"y":998,"w":139,"h":197}},{"type":"object","tile":{"x":3,"y":-4},"screen":{"x":0,"y":0},"coords":{"x":6112,"y":3070,"w":125,"h":208}},{"type":"object","tile":{"x":3,"y":-3},"screen":{"x":0,"y":0},"coords":{"x":3262,"y":790,"w":77,"h":220}},{"type":"object","tile":{"x":4,"y":-5},"screen":{"x":0,"y":0},"coords":{"x":2678,"y":13,"w":86,"h":196}},{"type":"object","tile":{"x":4,"y":-4},"screen":{"x":0,"y":0},"coords":{"x":3629,"y":3419,"w":40,"h":201}}]},{"id":12,"name":"tower-4","mode":2,"type":"object","tiles":[{"type":"object","tile":{"x":-4,"y":-5},"screen":{"x":554,"y":0},"coords":{"x":5477,"y":1067,"w":86,"h":196}},{"type":"object","tile":{"x":-4,"y":-4},"screen":{"x":600,"y":0},"coords":{"x":3629,"y":3150,"w":40,"h":201}},{"type":"object","tile":{"x":-3,"y":-5},"screen":{"x":483,"y":0},"coords":{"x":4922,"y":398,"w":138,"h":197}},{"type":"object","tile":{"x":-3,"y":-4},"screen":{"x":516,"y":0},"coords":{"x":6623,"y":3070,"w":124,"h":208}},{"type":"object","tile":{"x":-3,"y":-3},"screen":{"x":563,"y":0},"coords":{"x":2683,"y":3305,"w":77,"h":220}},{"type":"object","tile":{"x":-2,"y":-5},"screen":{"x":410,"y":0},"coords":{"x":7409,"y":3081,"w":130,"h":197}},{"type":"object","tile":{"x":-2,"y":-4},"screen":{"x":428,"y":0},"coords":{"x":4544,"y":3,"w":163,"h":208}},{"type":"object","tile":{"x":-2,"y":-3},"screen":{"x":456,"y":0},"coords":{"x":4118,"y":404,"w":184,"h":227}},{"type":"object","tile":{"x":-2,"y":-2},"screen":{"x":502,"y":0},"coords":{"x":3682,"y":1437,"w":138,"h":257}},{"type":"object","tile":{"x":-2,"y":-1},"screen":{"x":589,"y":0},"coords":{"x":1047,"y":654,"w":51,"h":284}},{"type":"object","tile":{"x":-1,"y":-5},"screen":{"x":335,"y":0},"coords":{"x":5197,"y":1653,"w":125,"h":197}},{"type":"object","tile":{"x":-1,"y":-4},"screen":{"x":338,"y":0},"coords":{"x":4729,"y":1103,"w":153,"h":208}},{"type":"object","tile":{"x":-1,"y":-3},"screen":{"x":343,"y":0},"coords":{"x":4315,"y":2982,"w":199,"h":227}},{"type":"object","tile":{"x":-1,"y":-2},"screen":{"x":351,"y":0},"coords":{"x":2769,"y":3830,"w":288,"h":266}},{"type":"object","tile":{"x":-1,"y":-1},"screen":{"x":370,"y":0},"coords":{"x":1506,"y":1853,"w":270,"h":360}},{"type":"object","tile":{"x":-1,"y":0},"screen":{"x":428,"y":0},"coords":{"x":2769,"y":2122,"w":212,"h":360}},{"type":"object","tile":{"x":0,"y":-5},"screen":{"x":259,"y":0},"coords":{"x":5197,"y":653,"w":122,"h":197}},{"type":"object","tile":{"x":0,"y":-4},"screen":{"x":245,"y":0},"coords":{"x":4922,"y":2631,"w":150,"h":208}},{"type":"object","tile":{"x":0,"y":-3},"screen":{"x":224,"y":0},"coords":{"x":4118,"y":3361,"w":192,"h":227}},{"type":"object","tile":{"x":0,"y":-2},"screen":{"x":186,"y":0},"coords":{"x":3358,"y":3354,"w":268,"h":266}},{"type":"object","tile":{"x":0,"y":-1},"screen":{"x":89,"y":0},"coords":{"x":0,"y":138,"w":462,"h":360}},{"type":"object","tile":{"x":1,"y":-5},"screen":{"x":180,"y":0},"coords":{"x":5197,"y":2853,"w":125,"h":197}},{"type":"object","tile":{"x":1,"y":-4},"screen":{"x":149,"y":0},"coords":{"x":4729,"y":1314,"w":153,"h":208}},{"type":"object","tile":{"x":1,"y":-3},"screen":{"x":98,"y":0},"coords":{"x":4315,"y":2752,"w":199,"h":227}},{"type":"object","tile":{"x":1,"y":-2},"screen":{"x":2,"y":0},"coords":{"x":3060,"y":3568,"w":286,"h":266}},{"type":"object","tile":{"x":1,"y":-1},"screen":{"x":0,"y":0},"coords":{"x":1506,"y":1127,"w":270,"h":360}},{"type":"object","tile":{"x":1,"y":0},"screen":{"x":0,"y":0},"coords":{"x":2769,"y":307,"w":212,"h":360}},{"type":"object","tile":{"x":2,"y":-5},"screen":{"x":100,"y":0},"coords":{"x":7675,"y":3081,"w":130,"h":197}},{"type":"object","tile":{"x":2,"y":-4},"screen":{"x":49,"y":0},"coords":{"x":4544,"y":1480,"w":163,"h":208}},{"type":"object","tile":{"x":2,"y":-3},"screen":{"x":0,"y":0},"coords":{"x":4118,"y":1324,"w":184,"h":227}},{"type":"object","tile":{"x":2,"y":-2},"screen":{"x":0,"y":0},"coords":{"x":3682,"y":1957,"w":138,"h":257}},{"type":"object","tile":{"x":2,"y":-1},"screen":{"x":0,"y":0},"coords":{"x":2984,"y":1472,"w":51,"h":284}},{"type":"object","tile":{"x":3,"y":-5},"screen":{"x":19,"y":0},"coords":{"x":4922,"y":198,"w":138,"h":197}},{"type":"object","tile":{"x":3,"y":-4},"screen":{"x":0,"y":0},"coords":{"x":6368,"y":3070,"w":125,"h":208}},{"type":"object","tile":{"x":3,"y":-3},"screen":{"x":0,"y":0},"coords":{"x":3278,"y":1761,"w":77,"h":220}},{"type":"object","tile":{"x":4,"y":-5},"screen":{"x":0,"y":0},"coords":{"x":5477,"y":669,"w":86,"h":196}},{"type":"object","tile":{"x":4,"y":-4},"screen":{"x":0,"y":0},"coords":{"x":1902,"y":2012,"w":40,"h":201}}]},{"id":13,"name":"dungeon-entrance-1","mode":2,"type":"object","tiles":[{"type":"object","tile":{"x":-4,"y":-5},"screen":{"x":563,"y":41},"coords":{"x":5682,"y":537,"w":77,"h":155}},{"type":"object","tile":{"x":-4,"y":-4},"screen":{"x":608,"y":41},"coords":{"x":1913,"y":3336,"w":32,"h":157}},{"type":"object","tile":{"x":-3,"y":-5},"screen":{"x":495,"y":33},"coords":{"x":5325,"y":678,"w":118,"h":163}},{"type":"object","tile":{"x":-3,"y":-4},"screen":{"x":528,"y":4},"coords":{"x":5078,"y":2227,"w":112,"h":202}},{"type":"object","tile":{"x":-3,"y":-3},"screen":{"x":575,"y":4},"coords":{"x":3283,"y":2629,"w":65,"h":211}},{"type":"object","tile":{"x":-2,"y":-5},"screen":{"x":427,"y":34},"coords":{"x":5682,"y":1971,"w":99,"h":162}},{"type":"object","tile":{"x":-2,"y":-4},"screen":{"x":447,"y":4},"coords":{"x":5469,"y":3075,"w":131,"h":203}},{"type":"object","tile":{"x":-2,"y":-3},"screen":{"x":476,"y":0},"coords":{"x":1779,"y":537,"w":164,"h":224}},{"type":"object","tile":{"x":-2,"y":-2},"screen":{"x":522,"y":0},"coords":{"x":2636,"y":323,"w":118,"h":249}},{"type":"object","tile":{"x":-2,"y":-1},"screen":{"x":607,"y":0},"coords":{"x":605,"y":1333,"w":33,"h":254}},{"type":"object","tile":{"x":-1,"y":-5},"screen":{"x":359,"y":33},"coords":{"x":5682,"y":1306,"w":81,"h":163}},{"type":"object","tile":{"x":-1,"y":-4},"screen":{"x":367,"y":4},"coords":{"x":5078,"y":986,"w":103,"h":203}},{"type":"object","tile":{"x":-1,"y":-3},"screen":{"x":377,"y":0},"coords":{"x":4729,"y":1525,"w":142,"h":225}},{"type":"object","tile":{"x":-1,"y":-2},"screen":{"x":394,"y":0},"coords":{"x":3864,"y":3048,"w":226,"h":261}},{"type":"object","tile":{"x":-1,"y":-1},"screen":{"x":426,"y":0},"coords":{"x":2420,"y":1183,"w":214,"h":360}},{"type":"object","tile":{"x":-1,"y":0},"screen":{"x":519,"y":0},"coords":{"x":465,"y":138,"w":121,"h":360}},{"type":"object","tile":{"x":0,"y":-5},"screen":{"x":284,"y":34},"coords":{"x":5603,"y":478,"w":72,"h":162}},{"type":"object","tile":{"x":0,"y":-4},"screen":{"x":276,"y":4},"coords":{"x":1414,"y":1049,"w":88,"h":203}},{"type":"object","tile":{"x":0,"y":-3},"screen":{"x":261,"y":0},"coords":{"x":5603,"y":3053,"w":118,"h":225}},{"type":"object","tile":{"x":0,"y":-2},"screen":{"x":237,"y":0},"coords":{"x":1779,"y":2678,"w":166,"h":261}},{"type":"object","tile":{"x":0,"y":-1},"screen":{"x":161,"y":0},"coords":{"x":1107,"y":1618,"w":324,"h":360}},{"type":"object","tile":{"x":1,"y":-5},"screen":{"x":200,"y":33},"coords":{"x":5682,"y":1472,"w":81,"h":163}},{"type":"object","tile":{"x":1,"y":-4},"screen":{"x":170,"y":4},"coords":{"x":5078,"y":780,"w":103,"h":203}},{"type":"object","tile":{"x":1,"y":-3},"screen":{"x":122,"y":0},"coords":{"x":4922,"y":2842,"w":141,"h":225}},{"type":"object","tile":{"x":1,"y":-2},"screen":{"x":24,"y":0},"coords":{"x":3864,"y":2539,"w":222,"h":261}},{"type":"object","tile":{"x":1,"y":-1},"screen":{"x":0,"y":0},"coords":{"x":2199,"y":917,"w":214,"h":360}},{"type":"object","tile":{"x":1,"y":0},"screen":{"x":0,"y":0},"coords":{"x":1779,"y":1853,"w":120,"h":360}},{"type":"object","tile":{"x":2,"y":-5},"screen":{"x":115,"y":34},"coords":{"x":5682,"y":1806,"w":98,"h":162}},{"type":"object","tile":{"x":2,"y":-4},"screen":{"x":64,"y":4},"coords":{"x":5724,"y":3075,"w":129,"h":203}},{"type":"object","tile":{"x":2,"y":-3},"screen":{"x":0,"y":0},"coords":{"x":1779,"y":899,"w":164,"h":225}},{"type":"object","tile":{"x":2,"y":-2},"screen":{"x":0,"y":0},"coords":{"x":2636,"y":682,"w":118,"h":253}},{"type":"object","tile":{"x":2,"y":-1},"screen":{"x":0,"y":0},"coords":{"x":1070,"y":1362,"w":33,"h":251}},{"type":"object","tile":{"x":3,"y":-5},"screen":{"x":29,"y":33},"coords":{"x":5078,"y":614,"w":116,"h":163}},{"type":"object","tile":{"x":3,"y":-4},"screen":{"x":0,"y":4},"coords":{"x":5078,"y":2631,"w":112,"h":203}},{"type":"object","tile":{"x":3,"y":-3},"screen":{"x":0,"y":4},"coords":{"x":2984,"y":455,"w":65,"h":212}},{"type":"object","tile":{"x":4,"y":-5},"screen":{"x":0,"y":41},"coords":{"x":5682,"y":695,"w":77,"h":155}},{"type":"object","tile":{"x":4,"y":-4},"screen":{"x":0,"y":41},"coords":{"x":3647,"y":2926,"w":32,"h":156}}]},{"id":14,"name":"dungeon-entrance-2","mode":2,"type":"object","tiles":[{"type":"object","tile":{"x":-4,"y":-5},"screen":{"x":564,"y":41},"coords":{"x":5603,"y":802,"w":76,"h":155}},{"type":"object","tile":{"x":-4,"y":-4},"screen":{"x":609,"y":45},"coords":{"x":1919,"y":244,"w":31,"h":154}},{"type":"object","tile":{"x":-3,"y":-5},"screen":{"x":497,"y":31},"coords":{"x":5325,"y":989,"w":118,"h":166}},{"type":"object","tile":{"x":-3,"y":-4},"screen":{"x":529,"y":4},"coords":{"x":5078,"y":2022,"w":111,"h":202}},{"type":"object","tile":{"x":-3,"y":-3},"screen":{"x":577,"y":4},"coords":{"x":5603,"y":1536,"w":63,"h":211}},{"type":"object","tile":{"x":-2,"y":-5},"screen":{"x":429,"y":32},"coords":{"x":5682,"y":2304,"w":99,"h":165}},{"type":"object","tile":{"x":-2,"y":-4},"screen":{"x":449,"y":1},"coords":{"x":5201,"y":3072,"w":131,"h":206}},{"type":"object","tile":{"x":-2,"y":-3},"screen":{"x":479,"y":0},"coords":{"x":3682,"y":3509,"w":161,"h":224}},{"type":"object","tile":{"x":-2,"y":-2},"screen":{"x":526,"y":0},"coords":{"x":3546,"y":446,"w":114,"h":250}},{"type":"object","tile":{"x":-2,"y":-1},"screen":{"x":611,"y":0},"coords":{"x":1466,"y":2409,"w":29,"h":254}},{"type":"object","tile":{"x":-1,"y":-5},"screen":{"x":360,"y":32},"coords":{"x":5682,"y":1638,"w":82,"h":165}},{"type":"object","tile":{"x":-1,"y":-4},"screen":{"x":368,"y":1},"coords":{"x":5078,"y":1401,"w":104,"h":206}},{"type":"object","tile":{"x":-1,"y":-3},"screen":{"x":378,"y":0},"coords":{"x":4729,"y":1753,"w":145,"h":225}},{"type":"object","tile":{"x":-1,"y":-2},"screen":{"x":396,"y":0},"coords":{"x":3864,"y":1285,"w":215,"h":261}},{"type":"object","tile":{"x":-1,"y":-1},"screen":{"x":429,"y":0},"coords":{"x":3060,"y":2843,"w":211,"h":359}},{"type":"object","tile":{"x":-1,"y":0},"screen":{"x":511,"y":0},"coords":{"x":484,"y":1590,"w":129,"h":360}},{"type":"object","tile":{"x":0,"y":-5},"screen":{"x":284,"y":32},"coords":{"x":5603,"y":960,"w":72,"h":165}},{"type":"object","tile":{"x":0,"y":-4},"screen":{"x":275,"y":2},"coords":{"x":2673,"y":2735,"w":90,"h":205}},{"type":"object","tile":{"x":0,"y":-3},"screen":{"x":260,"y":0},"coords":{"x":5078,"y":3053,"w":120,"h":225}},{"type":"object","tile":{"x":0,"y":-2},"screen":{"x":237,"y":0},"coords":{"x":1779,"y":2315,"w":166,"h":261}},{"type":"object","tile":{"x":0,"y":-1},"screen":{"x":166,"y":0},"coords":{"x":1107,"y":1255,"w":309,"h":360}},{"type":"object","tile":{"x":1,"y":-5},"screen":{"x":198,"y":32},"coords":{"x":8097,"y":3680,"w":82,"h":165}},{"type":"object","tile":{"x":1,"y":-4},"screen":{"x":168,"y":1},"coords":{"x":5078,"y":1192,"w":104,"h":206}},{"type":"object","tile":{"x":1,"y":-3},"screen":{"x":117,"y":0},"coords":{"x":4729,"y":1981,"w":145,"h":225}},{"type":"object","tile":{"x":1,"y":-2},"screen":{"x":29,"y":0},"coords":{"x":3864,"y":1021,"w":215,"h":261}},{"type":"object","tile":{"x":1,"y":-1},"screen":{"x":0,"y":0},"coords":{"x":3060,"y":3205,"w":211,"h":360}},{"type":"object","tile":{"x":1,"y":0},"screen":{"x":0,"y":0},"coords":{"x":477,"y":1227,"w":125,"h":360}},{"type":"object","tile":{"x":2,"y":-5},"screen":{"x":112,"y":32},"coords":{"x":5682,"y":2136,"w":99,"h":165}},{"type":"object","tile":{"x":2,"y":-4},"screen":{"x":60,"y":1},"coords":{"x":5335,"y":3072,"w":131,"h":206}},{"type":"object","tile":{"x":2,"y":-3},"screen":{"x":0,"y":0},"coords":{"x":2241,"y":2619,"w":161,"h":225}},{"type":"object","tile":{"x":2,"y":-2},"screen":{"x":0,"y":0},"coords":{"x":2303,"y":3207,"w":113,"h":254}},{"type":"object","tile":{"x":2,"y":-1},"screen":{"x":0,"y":0},"coords":{"x":1475,"y":3484,"w":26,"h":249}},{"type":"object","tile":{"x":3,"y":-5},"screen":{"x":25,"y":31},"coords":{"x":5325,"y":1158,"w":118,"h":166}},{"type":"object","tile":{"x":3,"y":-4},"screen":{"x":0,"y":4},"coords":{"x":2307,"y":2313,"w":109,"h":203}},{"type":"object","tile":{"x":3,"y":-3},"screen":{"x":0,"y":4},"coords":{"x":5603,"y":1128,"w":61,"h":211}},{"type":"object","tile":{"x":4,"y":-5},"screen":{"x":0,"y":41},"coords":{"x":5603,"y":643,"w":75,"h":156}},{"type":"object","tile":{"x":4,"y":-4},"screen":{"x":0,"y":45},"coords":{"x":3824,"y":3354,"w":29,"h":152}}]},{"id":15,"name":"dungeon-entrance-3","mode":2,"type":"object","tiles":[{"type":"object","tile":{"x":-4,"y":-5},"screen":{"x":555,"y":47},"coords":{"x":5682,"y":1155,"w":85,"h":148}},{"type":"object","tile":{"x":-4,"y":-4},"screen":{"x":600,"y":24},"coords":{"x":3624,"y":1142,"w":40,"h":176}},{"type":"object","tile":{"x":-3,"y":-5},"screen":{"x":484,"y":47},"coords":{"x":5325,"y":1327,"w":136,"h":148}},{"type":"object","tile":{"x":-3,"y":-4},"screen":{"x":516,"y":24},"coords":{"x":5197,"y":102,"w":124,"h":180}},{"type":"object","tile":{"x":-3,"y":-3},"screen":{"x":563,"y":0},"coords":{"x":2681,"y":3631,"w":77,"h":220}},{"type":"object","tile":{"x":-2,"y":-5},"screen":{"x":413,"y":47},"coords":{"x":5325,"y":74,"w":126,"h":148}},{"type":"object","tile":{"x":-2,"y":-4},"screen":{"x":431,"y":24},"coords":{"x":5121,"y":3293,"w":159,"h":180}},{"type":"object","tile":{"x":-2,"y":-3},"screen":{"x":458,"y":0},"coords":{"x":4544,"y":3030,"w":182,"h":220}},{"type":"object","tile":{"x":-2,"y":-2},"screen":{"x":503,"y":0},"coords":{"x":4544,"y":1691,"w":137,"h":248}},{"type":"object","tile":{"x":-2,"y":-1},"screen":{"x":599,"y":0},"coords":{"x":1063,"y":306,"w":41,"h":269}},{"type":"object","tile":{"x":-1,"y":-5},"screen":{"x":340,"y":47},"coords":{"x":5477,"y":2165,"w":118,"h":148}},{"type":"object","tile":{"x":-1,"y":-4},"screen":{"x":345,"y":24},"coords":{"x":6758,"y":3293,"w":145,"h":180}},{"type":"object","tile":{"x":-1,"y":-3},"screen":{"x":351,"y":0},"coords":{"x":4118,"y":1777,"w":190,"h":220}},{"type":"object","tile":{"x":-1,"y":-2},"screen":{"x":363,"y":0},"coords":{"x":3358,"y":1321,"w":272,"h":248}},{"type":"object","tile":{"x":-1,"y":-1},"screen":{"x":390,"y":0},"coords":{"x":2420,"y":2294,"w":250,"h":321}},{"type":"object","tile":{"x":-1,"y":0},"screen":{"x":455,"y":0},"coords":{"x":3358,"y":336,"w":185,"h":360}},{"type":"object","tile":{"x":0,"y":-5},"screen":{"x":264,"y":47},"coords":{"x":5477,"y":76,"w":113,"h":148}},{"type":"object","tile":{"x":0,"y":-4},"screen":{"x":251,"y":24},"coords":{"x":7719,"y":3293,"w":139,"h":180}},{"type":"object","tile":{"x":0,"y":-3},"screen":{"x":230,"y":0},"coords":{"x":4544,"y":2138,"w":181,"h":220}},{"type":"object","tile":{"x":0,"y":-2},"screen":{"x":191,"y":0},"coords":{"x":4118,"y":3848,"w":259,"h":248}},{"type":"object","tile":{"x":0,"y":-1},"screen":{"x":104,"y":0},"coords":{"x":1506,"y":3775,"w":444,"h":321}},{"type":"object","tile":{"x":1,"y":-5},"screen":{"x":182,"y":47},"coords":{"x":5477,"y":1863,"w":117,"h":148}},{"type":"object","tile":{"x":1,"y":-4},"screen":{"x":150,"y":24},"coords":{"x":6610,"y":3293,"w":145,"h":180}},{"type":"object","tile":{"x":1,"y":-3},"screen":{"x":98,"y":0},"coords":{"x":4118,"y":2000,"w":191,"h":220}},{"type":"object","tile":{"x":1,"y":-2},"screen":{"x":1,"y":0},"coords":{"x":3358,"y":2076,"w":278,"h":248}},{"type":"object","tile":{"x":1,"y":-1},"screen":{"x":0,"y":0},"coords":{"x":2420,"y":3205,"w":260,"h":320}},{"type":"object","tile":{"x":1,"y":0},"screen":{"x":0,"y":0},"coords":{"x":3060,"y":1272,"w":204,"h":360}},{"type":"object","tile":{"x":2,"y":-5},"screen":{"x":101,"y":47},"coords":{"x":5325,"y":225,"w":127,"h":148}},{"type":"object","tile":{"x":2,"y":-4},"screen":{"x":49,"y":24},"coords":{"x":7572,"y":3485,"w":161,"h":180}},{"type":"object","tile":{"x":2,"y":-3},"screen":{"x":0,"y":0},"coords":{"x":4315,"y":26,"w":183,"h":219}},{"type":"object","tile":{"x":2,"y":-2},"screen":{"x":0,"y":0},"coords":{"x":3682,"y":453,"w":139,"h":247}},{"type":"object","tile":{"x":2,"y":-1},"screen":{"x":0,"y":0},"coords":{"x":2984,"y":755,"w":52,"h":275}},{"type":"object","tile":{"x":3,"y":-5},"screen":{"x":19,"y":47},"coords":{"x":5325,"y":1780,"w":138,"h":148}},{"type":"object","tile":{"x":3,"y":-4},"screen":{"x":0,"y":24},"coords":{"x":8062,"y":3485,"w":125,"h":180}},{"type":"object","tile":{"x":3,"y":-3},"screen":{"x":0,"y":0},"coords":{"x":5477,"y":227,"w":77,"h":218}},{"type":"object","tile":{"x":4,"y":-5},"screen":{"x":0,"y":47},"coords":{"x":1414,"y":898,"w":86,"h":148}},{"type":"object","tile":{"x":4,"y":-4},"screen":{"x":0,"y":24},"coords":{"x":3633,"y":1392,"w":40,"h":177}}]},{"id":16,"name":"dungeon-entrance-4","mode":2,"type":"object","tiles":[{"type":"object","tile":{"x":-4,"y":-5},"screen":{"x":555,"y":47},"coords":{"x":5682,"y":1004,"w":85,"h":148}},{"type":"object","tile":{"x":-4,"y":-4},"screen":{"x":601,"y":24},"coords":{"x":2727,"y":1869,"w":39,"h":177}},{"type":"object","tile":{"x":-3,"y":-5},"screen":{"x":484,"y":47},"coords":{"x":5325,"y":1478,"w":137,"h":148}},{"type":"object","tile":{"x":-3,"y":-4},"screen":{"x":516,"y":24},"coords":{"x":5197,"y":469,"w":124,"h":181}},{"type":"object","tile":{"x":-3,"y":-3},"screen":{"x":564,"y":0},"coords":{"x":5603,"y":2028,"w":76,"h":219}},{"type":"object","tile":{"x":-2,"y":-5},"screen":{"x":412,"y":47},"coords":{"x":5325,"y":376,"w":127,"h":148}},{"type":"object","tile":{"x":-2,"y":-4},"screen":{"x":431,"y":24},"coords":{"x":7899,"y":3484,"w":160,"h":181}},{"type":"object","tile":{"x":-2,"y":-3},"screen":{"x":458,"y":0},"coords":{"x":4544,"y":3253,"w":182,"h":220}},{"type":"object","tile":{"x":-2,"y":-2},"screen":{"x":503,"y":0},"coords":{"x":3682,"y":200,"w":137,"h":250}},{"type":"object","tile":{"x":-2,"y":-1},"screen":{"x":591,"y":0},"coords":{"x":5603,"y":1750,"w":49,"h":275}},{"type":"object","tile":{"x":-1,"y":-5},"screen":{"x":341,"y":47},"coords":{"x":5477,"y":2014,"w":117,"h":148}},{"type":"object","tile":{"x":-1,"y":-4},"screen":{"x":345,"y":24},"coords":{"x":6286,"y":3292,"w":145,"h":181}},{"type":"object","tile":{"x":-1,"y":-3},"screen":{"x":352,"y":0},"coords":{"x":4118,"y":1554,"w":190,"h":220}},{"type":"object","tile":{"x":-1,"y":-2},"screen":{"x":362,"y":0},"coords":{"x":3358,"y":2580,"w":277,"h":250}},{"type":"object","tile":{"x":-1,"y":-1},"screen":{"x":382,"y":0},"coords":{"x":2420,"y":3528,"w":258,"h":323}},{"type":"object","tile":{"x":-1,"y":0},"screen":{"x":441,"y":0},"coords":{"x":3060,"y":650,"w":199,"h":360}},{"type":"object","tile":{"x":0,"y":-5},"screen":{"x":262,"y":47},"coords":{"x":5078,"y":240,"w":114,"h":148}},{"type":"object","tile":{"x":0,"y":-4},"screen":{"x":249,"y":24},"coords":{"x":7241,"y":3292,"w":140,"h":181}},{"type":"object","tile":{"x":0,"y":-3},"screen":{"x":228,"y":0},"coords":{"x":4544,"y":2361,"w":182,"h":220}},{"type":"object","tile":{"x":0,"y":-2},"screen":{"x":188,"y":0},"coords":{"x":3358,"y":83,"w":261,"h":250}},{"type":"object","tile":{"x":0,"y":-1},"screen":{"x":88,"y":0},"coords":{"x":643,"y":941,"w":448,"h":323}},{"type":"object","tile":{"x":1,"y":-5},"screen":{"x":181,"y":47},"coords":{"x":5477,"y":2316,"w":119,"h":148}},{"type":"object","tile":{"x":1,"y":-4},"screen":{"x":149,"y":24},"coords":{"x":6137,"y":3292,"w":146,"h":181}},{"type":"object","tile":{"x":1,"y":-3},"screen":{"x":97,"y":0},"coords":{"x":4118,"y":2223,"w":192,"h":220}},{"type":"object","tile":{"x":1,"y":-2},"screen":{"x":1,"y":0},"coords":{"x":3358,"y":2327,"w":276,"h":250}},{"type":"object","tile":{"x":1,"y":-1},"screen":{"x":0,"y":0},"coords":{"x":2420,"y":2618,"w":250,"h":322}},{"type":"object","tile":{"x":1,"y":0},"screen":{"x":0,"y":0},"coords":{"x":3358,"y":699,"w":185,"h":360}},{"type":"object","tile":{"x":2,"y":-5},"screen":{"x":100,"y":47},"coords":{"x":5325,"y":527,"w":127,"h":148}},{"type":"object","tile":{"x":2,"y":-4},"screen":{"x":49,"y":24},"coords":{"x":7736,"y":3484,"w":160,"h":181}},{"type":"object","tile":{"x":2,"y":-3},"screen":{"x":0,"y":0},"coords":{"x":4544,"y":2807,"w":182,"h":220}},{"type":"object","tile":{"x":2,"y":-2},"screen":{"x":0,"y":0},"coords":{"x":4729,"y":2209,"w":137,"h":246}},{"type":"object","tile":{"x":2,"y":-1},"screen":{"x":0,"y":0},"coords":{"x":1459,"y":2757,"w":41,"h":269}},{"type":"object","tile":{"x":3,"y":-5},"screen":{"x":19,"y":47},"coords":{"x":5325,"y":1629,"w":137,"h":148}},{"type":"object","tile":{"x":3,"y":-4},"screen":{"x":0,"y":24},"coords":{"x":5197,"y":285,"w":124,"h":181}},{"type":"object","tile":{"x":3,"y":-3},"screen":{"x":0,"y":0},"coords":{"x":5477,"y":448,"w":77,"h":218}},{"type":"object","tile":{"x":4,"y":-5},"screen":{"x":0,"y":47},"coords":{"x":5682,"y":853,"w":85,"h":148}},{"type":"object","tile":{"x":4,"y":-4},"screen":{"x":0,"y":24},"coords":{"x":3622,"y":157,"w":40,"h":176}}]}]}